Almond Croissant,Cappuccino,Carmel syrup,Chocolate Chip Biscotti,Chocolate Croissant,Chocolate syrup,Cranberry Scone,Croissant,Dark chocolate,Espresso shot,Ginger Biscotti,Ginger Scone,Hazelnut Biscotti,Hazelnut syrup,Jumbo Savory Scone,Latte,Oatmeal Scone,Sugar Free Vanilla syrup
0,0,0,0,0,0,0,0,1,0,0,0,0,0,0,0,1,0
0,1,1,0,0,0,0,0,0,0,0,0,0,0,0,0,0,0
0,0,1,0,0,0,0,0,1,1,0,1,0,0,0,0,0,0
0,0,0,0,0,1,0,0,0,0,0,0,0,0,0,1,0,0
0,0,0,0,0,0,0,0,0,0,0,0,0,0,1,1,0,0
0,0,0,0,0,0,0,0,0,0,0,0,0,0,0,1,0,1
1,1,0,0,0,0,0,0,0,1,0,0,0,0,0,0,0,0
0,0,0,0,0,0,0,0,0,1,0,0,0,1,0,0,0,0
0,0,1,0,0,0,0,0,0,0,0,1,0,0,0,1,0,0
0,0,0,0,0,0,0,0,0,0,0,0,0,0,0,1,0,1
0,1,1,0,0,1,0,1,1,0,0,0,1,0,0,0,0,0
0,0,1,0,0,0,0,0,0,0,0,1,0,0,0,1,0,0
0,0,0,0,0,0,0,0,0,1,0,0,0,0,0,0,1,1
0,1,0,0,0,0,0,0,1,0,0,0,0,0,0,1,0,1
1,0,0,0,0,0,0,0,0,1,0,0,0,0,0,0,0,0
0,1,0,0,1,1,0,0,0,0,0,0,0,0,0,0,0,0
1,0,0,0,0,0,1,0,1,0,0,1,0,0,0,0,0,0
0,1,0,0,0,1,1,0,0,0,0,0,0,0,0,1,0,0
0,1,0,0,0,1,0,0,0,0,1,0,1,1,0,1,0,0
0,1,0,0,0,0,0,0,0,0,0,0,0,0,0,0,0,1
1,1,0,0,0,0,0,0,0,0,0,0,0,0,0,0,0,1
0,1,0,0,1,1,0,0,1,0,0,0,0,0,0,0,0,0
0,0,0,0,0,0,0,0,1,0,0,0,0,0,0,1,0,0
0,1,1,0,0,0,0,0,0,0,0,0,0,0,0,1,0,1
0,0,0,0,1,0,0,0,0,0,0,0,0,0,0,0,0,0
0,0,1,0,0,0,0,0,1,1,0,0,1,0,0,0,0,0
0,1,1,1,1,1,1,0,1,0,0,0,0,0,1,1,0,1
0,0,0,0,0,0,0,0,1,0,0,0,0,0,1,0,0,0
0,0,0,0,0,0,0,0,1,0,0,0,0,1,0,1,0,0
0,0,0,0,0,0,0,1,0,1,0,0,0,0,0,0,0,1
0,0,0,0,0,1,0,0,0,1,0,0,0,0,0,0,0,0
0,1,0,0,0,0,0,0,0,0,0,0,0,1,0,0,0,0
0,0,0,1,0,0,0,0,1,0,0,0,0,0,0,0,0,0
0,0,0,0,0,1,0,0,0,0,0,0,0,0,0,1,0,0
1,1,1,0,0,0,1,0,0,0,0,1,0,0,0,0,1,0
0,0,1,0,0,0,0,0,0,0,0,0,0,0,0,1,0,0
0,1,0,0,1,0,0,0,0,0,0,0,0,0,0,0,0,0
1,1,0,0,0,1,0,0,0,0,0,0,0,0,0,0,0,0
1,1,0,0,0,0,0,0,0,0,0,0,0,0,0,0,0,1
0,0,0,0,0,0,0,0,1,0,0,1,0,0,0,0,0,0
0,0,0,0,0,0,0,0,0,0,0,0,0,0,0,1,0,1
0,1,0,0,0,1,0,0,0,1,0,0,0,0,0,0,0,0
0,0,0,0,0,0,0,0,0,0,0,0,0,0,0,1,0,1
1,0,0,0,0,0,0,0,0,0,0,1,0,0,0,0,0,0
0,1,0,0,0,0,0,0,0,0,0,1,1,0,1,1,0,1
0,1,0,0,0,0,0,0,0,0,0,0,0,0,0,0,0,1
0,1,0,0,0,0,0,0,0,0,0,0,0,1,0,0,0,0
0,0,0,0,0,0,0,0,0,0,0,0,0,0,0,1,0,1
0,0,0,0,0,0,0,0,0,0,0,0,0,0,0,1,0,1
0,0,0,0,0,0,0,0,0,0,0,0,0,0,0,1,0,1
0,0,0,0,0,0,0,0,0,0,0,0,0,0,0,1,0,1
0,1,1,0,0,0,0,0,0,0,0,0,1,0,0,0,0,0
0,0,0,0,0,0,0,0,0,0,0,1,0,1,0,1,0,0
0,0,1,0,1,0,0,1,1,1,0,0,0,0,0,0,0,0
0,0,0,0,0,0,0,0,0,1,0,0,0,0,0,0,1,1
0,1,0,0,1,1,0,0,0,0,0,0,0,0,0,0,0,0
0,0,0,0,0,1,0,0,0,0,0,0,0,0,0,1,1,0
0,1,0,0,0,1,0,0,0,0,0,0,0,0,0,0,0,0
0,0,0,0,0,0,0,0,0,0,0,0,0,1,0,1,0,0
1,0,0,1,0,0,0,0,1,0,0,0,0,0,1,0,0,0
0,0,0,0,0,1,0,0,0,0,0,0,0,0,0,1,0,0
0,1,0,0,0,1,0,1,0,1,0,1,0,0,0,1,1,1
0,0,0,0,0,0,0,0,1,0,0,0,0,0,0,0,0,0
0,0,0,0,0,0,0,0,0,0,1,0,0,0,0,1,0,1
0,1,0,1,0,0,0,0,0,0,0,0,0,0,0,0,0,0
0,0,0,0,0,0,0,0,1,0,0,0,0,0,0,0,0,0
0,0,0,0,0,0,0,0,0,0,0,0,0,1,0,1,0,0
0,0,0,0,0,1,0,0,0,1,0,0,0,0,0,1,0,0
0,0,0,0,0,0,1,0,1,0,0,0,0,0,0,0,0,0
1,0,0,0,0,1,0,0,0,1,0,0,0,0,0,1,1,1
0,0,0,0,0,0,0,0,0,1,0,0,0,0,0,0,1,1
0,0,0,0,0,0,0,0,0,1,0,0,0,0,0,0,1,0
0,0,1,0,0,0,0,0,0,1,0,0,0,1,0,1,0,0
0,0,0,0,0,0,0,0,0,0,1,0,0,0,0,1,0,1
0,0,0,0,0,0,0,0,0,1,0,0,0,1,0,1,0,0
0,0,0,0,0,0,0,0,0,1,0,0,0,0,1,0,0,0
0,0,1,1,0,0,0,0,0,1,0,0,0,0,0,0,0,0
0,1,0,0,0,0,0,0,0,0,0,0,0,1,0,0,0,0
0,0,0,0,1,0,0,0,1,0,0,0,0,0,0,0,0,0
0,0,0,0,0,0,0,1,1,0,0,0,0,0,0,0,0,0
0,0,0,0,0,0,0,0,0,0,0,0,0,0,0,1,0,1
0,0,0,0,1,0,0,0,0,0,1,0,0,1,0,1,0,0
0,0,0,0,1,0,0,0,1,0,1,0,1,0,0,0,0,0
0,0,1,0,0,0,0,0,0,1,0,0,0,0,0,0,0,0
0,0,0,0,0,0,0,1,0,0,0,0,0,0,0,1,0,0
0,0,0,0,0,1,0,0,0,1,0,0,0,0,0,0,0,0
0,0,0,0,0,0,0,0,1,0,0,0,0,0,0,0,1,0
1,0,0,0,1,0,0,0,1,0,0,0,1,0,1,0,0,0
0,0,1,0,0,0,0,0,0,1,0,0,0,0,0,0,0,0
0,1,0,0,0,1,0,0,0,0,0,0,0,0,0,0,0,0
1,1,0,0,0,1,0,1,1,1,0,1,0,1,0,1,0,1
0,0,0,0,0,1,0,0,0,1,0,0,0,0,0,0,0,0
0,1,0,0,0,0,1,0,0,1,0,0,0,0,0,0,0,0
1,1,0,0,0,0,0,0,0,0,0,0,0,0,0,0,0,0
0,0,0,0,0,0,0,0,0,0,1,0,0,1,0,1,0,0
0,1,0,0,0,0,0,0,0,0,0,0,0,0,1,0,0,0
0,1,0,0,0,1,0,0,0,0,0,1,0,0,0,1,0,0
0,1,0,0,0,1,0,0,0,0,0,0,0,0,0,0,0,0
0,0,0,0,0,0,0,0,0,0,0,0,0,0,1,0,0,0
0,1,0,0,0,0,0,0,0,0,1,0,0,0,0,0,0,0
0,1,1,1,1,0,0,0,0,1,0,0,0,0,1,0,0,0
0,0,0,0,0,0,0,0,0,0,0,0,0,0,0,1,0,1
0,0,0,0,0,1,0,0,1,0,0,0,0,0,0,1,0,0
0,0,0,1,0,0,0,0,1,0,0,0,0,0,0,0,0,0
0,0,1,0,0,0,0,0,0,0,1,0,0,0,0,1,0,0
0,0,1,0,0,0,0,0,1,0,0,0,0,0,0,1,0,0
0,0,0,1,0,0,0,0,1,0,0,0,0,0,0,0,0,0
0,0,0,0,0,0,1,0,1,0,0,0,0,0,0,0,0,0
0,1,0,0,0,1,0,0,0,0,0,0,0,0,0,0,0,0
0,0,1,0,1,0,0,0,0,1,0,1,0,0,0,0,0,0
0,1,0,0,0,1,0,0,0,0,1,0,0,0,0,0,0,0
1,1,0,0,0,0,1,0,0,0,0,0,1,0,1,0,1,0
0,1,0,0,0,0,0,0,0,0,0,0,0,0,0,0,0,1
0,1,0,0,0,0,0,1,0,0,0,0,0,0,0,0,0,0
0,1,0,0,0,1,0,1,0,0,0,0,0,0,0,0,0,0
0,1,0,0,0,1,0,0,0,0,0,0,0,0,0,0,0,0
0,0,0,0,0,0,0,0,0,0,0,0,0,1,0,1,0,0
0,1,0,0,1,0,0,0,0,0,0,0,0,0,1,0,0,0
1,1,0,0,1,0,0,0,1,0,0,1,0,0,0,0,0,1
1,0,0,0,0,0,0,0,0,0,0,0,0,0,1,0,0,0
0,0,0,0,0,0,0,0,1,0,0,0,0,0,0,0,1,0
0,1,0,0,0,0,0,0,1,0,0,0,0,1,0,0,0,1
1,0,0,0,0,0,0,0,1,0,0,0,0,0,0,0,0,0
0,1,0,0,0,0,0,0,0,0,0,0,0,1,0,1,0,0
0,0,0,0,0,0,1,0,0,0,0,0,0,0,0,1,0,0
0,0,1,0,0,0,0,0,1,0,0,0,0,0,0,1,0,0
0,1,1,1,1,1,0,0,0,1,1,0,0,0,1,0,0,0
0,0,0,0,0,1,0,0,0,1,0,0,0,0,0,0,0,0
0,0,0,0,1,1,0,0,0,0,0,1,0,0,0,1,0,0
0,1,1,1,0,0,0,0,0,0,0,1,0,0,0,0,0,0
0,0,0,0,0,0,0,0,0,0,0,0,0,1,0,1,0,0
0,0,0,0,0,0,0,1,1,0,0,0,0,0,0,0,0,0
0,1,0,0,0,1,0,0,1,1,1,0,0,0,1,0,0,0
0,1,0,0,0,0,0,0,0,0,0,0,0,1,0,0,0,0
0,1,1,0,0,0,1,0,0,0,0,0,0,0,0,0,0,0
0,0,0,0,0,0,0,0,0,0,0,0,0,0,0,1,0,1
0,0,0,0,0,0,0,0,0,0,0,0,0,0,0,1,1,0
0,1,0,0,0,0,0,0,1,0,0,0,0,0,0,0,0,0
0,1,0,0,0,1,0,0,0,0,0,0,0,0,0,0,0,0
0,0,0,0,0,0,0,0,0,0,0,1,0,0,1,0,0,0
0,0,0,0,1,0,0,0,1,0,0,0,0,0,0,0,0,0
1,0,0,0,0,0,0,0,0,0,0,0,0,0,0,0,0,0
0,0,1,0,0,0,0,0,0,0,0,0,0,0,0,1,0,0
0,0,0,1,1,0,0,0,1,0,0,1,0,0,0,0,0,0
0,0,0,0,0,0,0,0,0,0,0,0,0,0,0,1,0,1
0,0,0,0,0,0,0,0,0,0,0,0,0,1,0,1,0,0
0,1,1,1,0,0,0,0,0,0,0,0,0,0,0,0,0,0
0,0,0,0,0,0,0,0,0,0,0,1,1,0,0,0,0,0
0,1,0,0,0,0,0,0,0,0,1,0,0,0,0,0,0,0
0,1,1,0,0,0,0,0,0,0,0,0,0,0,0,1,0,0
0,1,0,0,0,0,0,0,0,0,0,0,0,0,0,0,0,1
0,0,0,1,1,1,0,1,1,0,1,0,0,0,0,1,0,0
0,0,0,0,0,0,0,0,1,0,0,0,0,0,0,0,1,0
0,0,1,0,0,0,0,0,0,1,0,0,0,0,0,0,0,0
0,0,0,0,0,1,0,0,0,1,0,0,0,0,0,1,0,0
0,0,0,0,0,0,0,0,0,0,0,1,0,0,0,0,0,0
0,1,0,0,0,0,0,0,0,0,1,0,0,0,0,0,0,0
0,1,0,1,0,0,0,0,0,0,0,0,0,0,0,0,0,1
0,0,0,0,1,0,0,0,0,0,0,0,0,0,0,1,0,0
0,0,0,0,0,0,1,0,0,1,0,0,0,0,0,0,0,0
0,0,0,0,0,0,0,0,1,0,0,0,0,0,1,0,0,0
0,1,0,1,0,1,0,0,0,0,0,0,1,0,1,0,0,0
0,1,0,0,0,1,0,0,0,0,0,0,0,0,0,0,0,0
0,1,0,0,0,1,0,0,0,0,0,0,0,0,0,0,0,0
0,0,0,0,0,0,0,1,0,0,0,0,0,0,0,0,0,0
0,0,0,0,0,1,0,0,0,0,0,0,0,0,1,1,0,0
0,0,0,0,0,0,0,0,0,0,0,0,0,1,0,1,0,0
0,0,1,0,0,0,0,1,1,1,0,0,0,1,0,1,1,0
0,0,0,1,0,1,0,0,0,1,0,0,0,0,0,0,0,0
0,0,0,0,0,0,0,0,0,1,0,0,1,0,0,0,0,0
0,0,1,0,0,0,0,0,0,1,1,0,0,0,0,1,0,0
0,0,0,0,0,0,0,0,0,0,0,0,0,0,0,1,0,1
0,1,0,0,0,0,0,0,0,0,0,1,0,0,0,0,0,0
0,1,1,0,0,0,0,0,1,1,1,0,0,1,1,1,0,1
0,0,0,1,0,0,0,0,0,0,0,0,1,0,0,0,0,0
0,0,0,0,0,1,0,0,0,0,0,0,0,0,0,1,0,0
0,0,0,0,0,0,0,0,0,1,0,0,0,1,0,0,0,0
0,0,0,0,0,1,1,0,1,0,0,0,0,0,0,1,0,0
0,1,1,0,0,0,0,0,0,1,0,0,0,0,0,0,0,1
0,1,0,0,0,0,0,0,0,0,0,0,0,0,0,0,0,1
0,0,0,0,0,0,0,1,0,0,0,0,0,0,0,1,0,0
1,0,0,0,0,1,0,0,0,1,0,0,0,0,0,1,0,0
0,0,0,0,0,0,0,0,1,0,0,0,0,0,1,0,0,0
0,0,1,0,0,0,1,1,1,1,0,0,0,0,1,1,1,1
0,0,0,0,0,0,0,1,1,0,0,0,0,0,0,0,0,0
0,0,0,0,0,0,0,0,1,0,0,0,0,0,0,0,0,0
1,0,0,0,0,0,0,1,0,0,0,0,1,0,0,1,1,1
0,0,0,0,0,0,0,0,0,0,0,0,0,0,0,1,0,0
0,1,0,0,0,1,0,0,0,0,0,0,0,0,0,0,0,0
0,0,0,0,0,0,0,1,1,0,0,0,0,0,0,0,0,0
0,1,0,0,1,0,0,0,0,0,0,0,0,1,0,0,0,0
0,0,0,0,0,1,0,0,0,1,0,0,0,0,0,0,0,0
0,1,0,0,0,0,0,0,0,0,0,0,0,1,0,0,0,0
0,1,0,0,1,0,0,0,0,0,0,0,0,0,0,0,0,0
0,1,0,0,0,0,0,0,0,0,1,0,0,0,0,0,0,0
0,0,0,0,0,0,0,1,0,0,0,0,0,1,1,1,0,0
1,0,0,0,0,1,1,1,1,1,0,0,0,0,0,0,1,0
0,0,1,0,0,0,0,0,0,0,0,0,0,0,0,1,0,0
0,0,1,0,0,0,0,0,0,0,0,0,0,0,0,1,0,0
0,0,0,0,0,0,1,0,0,1,0,0,1,0,0,1,0,0
0,0,0,0,0,0,0,0,1,0,1,0,0,0,0,0,0,0
0,0,0,0,0,0,0,0,0,1,0,0,0,0,0,0,0,1
0,0,0,0,0,0,0,0,0,1,0,0,0,0,0,0,0,1
0,0,0,1,0,0,0,0,1,1,0,0,0,0,0,1,0,1
0,0,0,0,0,1,0,0,0,0,0,0,0,0,0,1,0,0
0,1,0,0,0,0,0,0,0,0,0,0,0,1,0,0,0,0
0,1,0,0,0,1,0,0,0,0,0,0,0,0,0,0,0,0
1,1,1,0,0,0,1,1,1,0,0,0,0,0,0,0,1,1
0,0,0,0,0,0,0,0,1,0,0,0,0,0,0,0,0,0
0,0,1,0,0,0,0,0,0,0,0,0,0,0,0,1,0,0
0,0,1,0,0,0,0,0,0,1,0,0,0,1,0,1,0,0
0,0,0,0,0,0,1,0,0,0,0,1,0,0,0,0,0,0
0,0,0,1,0,0,0,0,0,0,0,1,0,0,1,0,0,0
0,1,0,0,0,0,0,0,0,0,0,0,0,0,0,0,1,0
0,0,1,0,0,0,0,0,0,0,0,0,0,0,0,1,0,0
0,0,1,0,0,0,0,0,0,0,0,0,0,0,0,1,0,0
0,0,0,0,0,0,0,0,0,1,0,0,0,0,0,0,0,1
0,1,0,1,1,1,0,1,1,0,0,1,1,1,1,1,0,0
0,1,0,0,0,1,0,1,0,0,0,0,0,0,0,0,0,0
0,0,0,0,0,0,0,0,0,0,0,0,0,0,0,0,1,0
0,0,0,0,0,1,0,0,0,1,0,0,0,0,0,0,0,0
0,0,0,0,0,0,0,0,1,0,0,0,0,0,0,1,0,1
0,1,1,0,0,0,0,0,0,0,0,0,0,0,0,0,1,0
0,0,0,0,1,0,0,0,0,0,0,0,0,0,0,1,0,0
0,0,0,0,0,0,1,0,1,0,0,0,0,0,0,0,0,0
0,1,0,0,0,0,0,0,0,0,1,0,0,0,0,0,0,0
0,1,1,1,0,0,0,1,0,1,0,0,0,0,0,0,1,1
0,0,0,0,1,0,0,0,1,0,0,0,0,0,0,0,0,0
0,1,1,0,0,0,0,0,0,0,0,0,0,0,0,0,0,0
0,0,0,0,0,0,0,0,0,1,0,0,0,0,0,0,0,1
0,0,0,0,1,0,0,1,0,0,0,0,0,0,0,0,0,0
0,0,0,0,1,0,0,0,1,0,0,0,0,0,0,0,0,0
1,1,1,0,0,0,0,0,1,0,1,0,0,0,0,1,1,0
0,0,0,0,0,1,0,0,0,1,0,0,0,0,0,0,0,0
0,0,0,0,0,0,0,0,0,0,0,0,0,0,0,1,0,1
0,1,1,0,0,1,0,0,0,0,0,0,0,0,0,1,0,0
0,0,0,0,0,0,0,0,1,0,0,0,0,0,0,0,0,0
0,0,1,0,0,0,0,0,0,0,0,0,0,0,0,1,0,0
0,1,0,0,0,0,0,0,0,0,0,1,0,0,0,0,0,0
0,0,0,0,0,0,0,0,1,0,0,0,0,0,0,0,1,0
1,0,0,0,0,0,0,0,0,0,0,0,0,0,0,1,1,1
0,1,0,1,0,0,0,0,0,0,0,0,0,0,0,0,0,0
0,1,1,0,0,1,0,0,0,0,1,0,0,0,0,1,0,0
0,1,0,0,0,0,0,1,0,0,0,0,0,0,0,0,0,0
0,1,0,0,0,0,0,0,0,0,1,0,0,0,0,0,0,0
0,1,0,0,0,0,0,0,0,0,0,1,0,0,0,0,0,0
0,1,1,1,0,0,0,0,0,0,0,0,0,0,0,0,1,0
0,0,0,0,1,0,0,0,0,0,0,0,0,0,0,1,0,1
0,1,0,0,1,0,0,0,0,0,0,0,0,1,0,1,0,0
0,0,0,0,0,0,0,0,0,1,0,0,0,0,0,0,0,1
0,0,0,0,0,0,0,0,0,1,0,0,0,0,0,0,0,1
0,1,0,0,0,0,0,0,1,0,0,0,0,1,0,0,0,0
1,1,0,0,0,0,0,0,0,0,0,0,0,0,0,0,0,0
0,1,0,0,0,1,0,0,0,0,0,0,0,0,1,1,0,0
0,0,0,0,0,0,0,0,0,1,0,0,0,0,0,0,1,1
0,0,1,0,0,0,1,0,0,1,1,0,1,0,0,0,0,0
0,0,0,0,0,1,0,0,0,1,0,0,0,0,0,0,0,0
0,1,0,0,0,0,0,0,0,0,0,0,0,0,0,0,0,1
0,1,0,0,0,0,0,0,0,0,0,0,0,0,0,0,0,1
0,0,1,0,0,0,0,0,0,0,0,0,1,0,0,1,0,0
0,0,0,0,0,0,0,0,1,0,0,1,0,0,0,0,0,0
0,0,0,0,0,0,0,0,0,0,0,0,0,1,0,1,0,0
0,1,0,1,0,0,0,0,0,0,0,0,0,0,0,0,1,1
0,0,0,0,0,0,0,1,1,0,0,0,0,0,0,0,0,0
0,1,0,0,0,1,0,0,0,0,0,0,0,0,0,0,0,0
1,1,1,0,0,1,1,1,0,1,1,0,0,0,0,0,0,0
0,1,0,0,0,0,0,0,0,0,0,0,0,1,0,0,0,0
0,0,0,0,0,0,0,0,0,0,0,0,0,0,0,1,0,1
0,0,0,0,0,0,0,0,0,0,0,0,0,1,0,1,0,0
0,0,1,0,0,0,0,0,0,0,0,0,0,0,0,1,0,0
1,1,0,0,0,0,0,0,0,0,0,0,0,0,0,0,0,0
0,1,0,0,0,1,0,0,0,0,0,0,0,0,0,0,0,0
0,1,0,0,0,0,0,0,0,0,0,1,0,0,0,0,0,0
0,0,0,0,0,0,1,0,1,0,0,0,0,0,0,0,0,0
0,0,1,0,0,0,0,0,0,1,0,0,0,0,0,0,0,0
0,1,0,1,0,0,0,1,1,0,0,0,0,0,0,1,0,1
0,0,1,0,0,0,0,0,0,0,0,0,0,0,0,1,0,0
0,1,0,0,0,0,0,0,0,0,0,0,1,0,0,0,0,0
0,0,0,1,0,0,0,0,1,0,0,0,1,0,0,0,0,0
0,0,0,0,0,0,0,0,0,1,0,0,0,1,0,0,0,0
0,0,1,0,0,0,0,0,0,1,0,0,0,0,0,0,0,0
0,1,1,0,0,0,0,0,0,0,0,0,0,0,0,0,0,0
0,0,0,0,0,0,0,0,1,0,0,0,1,0,0,0,0,0
0,0,0,0,0,0,0,0,0,1,0,0,0,0,0,0,0,1
0,1,0,0,0,0,0,0,0,0,0,0,0,0,0,1,0,0
1,0,1,0,1,0,1,0,1,1,0,0,0,0,0,1,0,0
0,0,0,0,1,0,0,0,0,0,0,0,0,0,0,0,0,0
0,0,1,0,1,0,1,0,0,0,1,0,0,0,1,1,0,0
0,0,0,0,0,0,0,0,0,0,0,0,0,0,0,1,0,1
0,1,1,0,0,0,0,0,0,0,0,0,0,0,0,0,0,0
0,1,0,0,0,1,0,0,0,0,0,0,0,0,0,0,0,0
0,0,0,1,1,1,0,0,0,1,0,0,0,0,0,1,0,0
0,0,0,1,0,0,0,0,0,0,0,0,0,0,1,1,0,1
0,0,0,1,0,0,0,0,0,0,0,0,0,0,0,1,0,0
0,0,0,0,1,0,0,1,0,0,0,0,0,1,0,1,1,0
0,0,0,0,0,1,1,0,0,0,0,0,0,0,0,1,0,0
0,0,0,0,0,0,0,0,0,0,1,0,0,0,1,0,0,0
0,1,0,0,1,1,0,0,0,0,0,1,1,0,1,1,0,0
0,0,0,0,0,1,0,1,0,0,0,0,0,0,0,1,0,0
0,1,0,0,0,0,0,0,0,0,0,0,0,0,0,0,0,1
0,1,0,0,0,0,0,0,0,0,1,0,0,0,0,0,0,0
0,0,0,1,0,0,0,0,0,0,0,0,0,0,0,1,0,0
0,0,0,0,0,0,0,0,1,0,0,0,0,0,0,1,0,1
0,1,0,0,0,1,0,0,0,0,0,0,0,0,0,0,0,0
0,0,0,0,0,0,0,0,1,0,1,0,0,0,0,0,0,0
0,0,0,0,1,0,0,0,1,1,0,0,0,0,0,0,0,0
0,0,0,0,0,0,1,0,0,0,0,1,0,0,0,0,0,0
0,1,1,0,0,0,0,0,0,1,1,1,1,1,0,1,0,1
0,0,0,0,0,0,0,0,0,1,0,0,0,1,0,0,0,0
0,1,0,0,0,0,0,0,0,0,0,0,0,1,0,0,0,0
0,0,0,0,0,0,0,0,1,0,0,0,0,0,0,0,0,0
0,1,0,0,0,0,0,0,0,0,0,0,0,0,0,0,0,1
0,0,0,0,0,0,1,0,0,0,1,0,0,0,0,1,0,0
0,0,0,0,0,0,0,0,0,0,0,1,0,0,0,1,0,1
0,1,0,0,0,1,0,0,0,0,0,0,0,0,0,0,0,0
0,0,0,1,0,0,0,0,0,0,0,0,0,0,0,0,0,0
1,1,1,0,1,1,0,0,1,0,0,1,0,0,1,1,1,1
0,0,0,0,0,0,0,0,0,0,0,0,0,1,0,1,0,0
0,1,0,0,0,0,0,0,0,0,0,0,0,1,0,0,0,0
0,0,0,0,0,0,0,0,0,0,0,0,0,1,1,1,0,0
0,0,0,0,1,0,0,0,1,0,0,0,0,0,0,0,0,0
0,0,0,0,0,0,0,0,0,0,0,0,0,1,0,1,0,0
0,0,0,0,0,1,0,0,0,0,0,0,0,0,0,1,0,0
0,1,0,0,0,0,0,0,1,0,1,0,0,1,0,0,1,0
0,0,0,0,0,0,1,0,0,1,0,0,0,0,0,0,0,0
0,0,0,0,0,1,0,0,0,0,1,0,1,0,0,1,0,0
0,0,0,0,0,0,1,0,0,0,0,1,0,0,0,0,0,0
0,0,0,0,0,0,0,0,0,0,0,0,0,0,0,1,0,1
0,1,0,0,0,1,0,0,0,0,0,0,0,0,0,0,0,0
0,1,0,0,0,0,0,0,0,0,1,0,0,0,0,0,0,0
0,1,0,1,0,0,0,0,0,0,0,0,0,0,0,0,0,0
0,0,0,0,0,1,0,0,0,1,0,0,0,0,1,0,0,0
0,0,0,0,0,1,0,0,0,0,0,0,0,0,0,1,0,0
1,1,1,1,0,0,0,1,0,0,0,1,0,0,0,0,0,0
0,0,0,0,0,0,0,0,1,0,0,0,0,0,0,0,0,0
0,0,0,0,0,0,0,0,0,0,0,1,0,0,0,1,0,0
0,1,0,0,0,0,0,0,0,0,0,0,0,1,0,0,0,0
1,0,0,0,0,0,0,0,0,0,0,0,0,0,1,1,0,0
0,1,0,0,0,0,0,0,0,0,0,0,0,0,0,1,1,1
0,1,0,0,0,0,0,0,0,0,0,0,0,0,0,0,1,0
0,0,0,0,1,0,0,0,1,1,0,0,0,1,0,0,0,0
0,0,0,1,0,0,0,0,0,0,0,0,0,0,0,1,0,0
0,0,0,0,0,0,0,1,0,0,0,0,0,0,0,1,0,0
0,0,0,0,0,0,0,0,0,0,0,1,0,0,0,1,0,0
0,0,0,0,0,0,0,0,0,0,0,0,0,0,0,1,0,1
0,0,0,0,0,0,0,0,0,0,0,0,0,0,0,1,0,1
0,0,1,0,0,0,0,0,0,0,0,0,0,0,0,1,0,0
0,1,1,0,0,1,0,0,1,0,0,0,0,0,0,1,1,0
0,0,0,0,0,0,0,0,0,1,0,0,0,1,0,0,0,0
0,0,1,0,0,0,0,0,1,0,0,0,0,0,0,1,0,0
0,0,0,0,1,0,0,0,0,0,0,0,0,0,0,1,0,1
0,0,0,0,0,0,0,0,0,0,0,0,0,0,0,0,1,0
0,0,0,0,1,0,0,0,1,0,0,0,0,0,0,0,0,0
0,0,0,0,0,1,0,0,0,0,0,0,0,0,0,1,0,0
0,0,0,0,0,0,1,0,0,0,0,0,0,0,0,1,0,0
0,1,1,0,0,0,0,0,0,0,0,0,0,0,0,0,0,0
0,0,0,0,0,1,0,0,0,1,0,0,0,0,0,1,0,0
0,0,0,0,0,0,0,0,1,0,0,0,0,0,0,0,1,0
0,1,0,0,0,0,1,0,0,0,0,0,0,0,0,0,0,0
0,1,0,1,1,0,0,0,0,0,0,0,1,0,0,1,0,1
0,1,0,0,0,0,0,0,0,0,0,0,0,0,0,0,0,1
0,0,0,0,0,0,0,1,0,1,0,0,0,1,0,0,0,0
0,1,0,0,0,0,1,0,0,0,0,0,0,0,0,0,0,1
0,0,0,0,0,0,0,0,1,0,0,1,0,0,0,0,0,0
0,0,0,0,0,0,0,0,1,0,0,0,1,0,0,0,0,0
0,0,0,0,0,0,0,0,0,0,0,0,0,0,0,1,0,0
0,1,0,0,0,0,0,0,0,0,0,0,0,0,0,0,0,1
0,1,0,0,0,0,0,0,0,0,0,0,0,1,0,1,1,0
0,1,0,0,0,1,0,0,0,0,0,0,0,0,0,0,0,0
0,0,0,1,0,0,0,1,0,0,0,0,0,0,0,1,0,1
0,0,0,0,0,0,0,0,0,0,0,1,0,0,0,1,0,0
1,0,0,0,0,0,0,0,1,0,0,0,0,0,0,0,0,0
0,0,0,1,0,0,0,0,0,0,0,0,0,0,0,1,0,0
1,0,1,0,0,0,0,1,0,1,1,0,1,0,0,0,1,0
0,0,0,0,0,1,0,0,0,1,0,0,0,0,0,0,0,0
0,1,0,0,0,1,0,0,1,0,0,0,0,0,0,0,0,0
0,0,0,0,0,0,0,1,0,0,0,0,0,0,0,0,0,0
0,0,0,0,0,0,0,0,1,0,0,0,0,0,0,0,0,0
0,0,0,0,0,0,0,0,0,0,0,0,0,0,0,1,0,1
0,1,0,0,0,1,0,1,1,0,0,0,0,0,0,0,0,0
1,1,1,0,0,1,0,0,1,0,0,0,0,0,0,1,0,0
0,0,0,0,0,1,0,0,1,1,0,0,0,0,0,0,0,0
0,0,0,0,0,0,0,0,1,0,0,0,0,0,0,1,0,1
0,0,0,0,0,0,0,0,1,0,0,0,0,0,0,0,0,0
0,0,0,1,0,0,0,0,0,1,0,0,0,0,0,0,0,0
0,0,0,0,0,1,0,0,0,0,0,0,0,1,0,1,0,0
0,0,0,0,0,0,0,0,1,0,0,0,0,0,0,0,0,0
1,0,0,0,0,1,1,1,1,1,0,0,0,0,0,1,0,0
0,0,0,0,0,0,0,0,0,0,0,1,0,0,0,0,0,0
0,0,0,0,0,0,0,1,0,0,0,0,0,0,0,1,0,0
0,0,0,0,0,0,0,0,0,0,0,0,0,0,0,1,0,1
1,1,1,0,0,0,0,0,1,0,0,0,0,0,1,1,0,0
0,1,0,0,0,0,0,0,0,0,0,0,0,0,0,0,0,1
0,0,0,0,1,0,0,0,0,0,1,0,0,0,0,0,0,0
0,0,0,0,0,0,0,0,0,0,0,1,0,1,0,1,0,0
0,0,0,0,1,0,0,0,0,0,0,0,0,0,0,1,0,0
0,1,0,0,0,0,0,0,0,0,0,0,0,0,0,0,0,1
0,1,0,1,0,0,0,0,0,0,0,0,0,1,0,1,1,0
0,0,0,0,0,0,0,0,0,1,0,0,0,1,0,0,0,0
0,0,0,0,1,0,0,0,0,0,1,1,0,0,0,0,0,0
0,1,0,0,0,0,0,0,0,0,0,0,0,0,0,0,0,0
0,0,0,0,0,0,0,0,0,1,0,0,0,1,0,0,0,0
0,1,1,1,1,0,0,0,1,1,1,1,0,1,0,0,1,0
0,0,0,0,0,0,0,0,1,0,0,0,1,0,0,0,0,0
0,1,0,0,0,0,0,0,0,0,1,0,0,0,0,0,0,0
0,0,0,0,0,0,0,0,1,0,0,1,0,0,0,0,0,0
0,1,0,0,0,0,0,0,0,0,1,0,0,0,0,0,0,0
0,0,0,0,0,0,0,0,1,0,0,0,0,0,0,0,1,0
0,0,0,0,0,1,0,0,0,0,0,0,0,0,0,1,0,0
0,1,0,0,0,0,0,0,1,1,0,0,0,0,0,1,0,1
1,0,0,0,0,0,0,0,0,0,0,1,0,0,0,0,0,0
0,1,0,0,0,0,0,0,0,0,0,0,0,0,1,0,0,0
0,0,0,0,0,0,0,0,1,0,0,0,1,0,0,0,0,0
0,1,0,0,0,0,0,0,0,0,0,0,0,0,0,0,0,1
0,0,0,1,0,0,0,0,0,0,0,0,0,0,0,0,1,0
1,1,1,0,0,0,0,0,1,1,1,0,0,0,0,0,1,0
0,0,0,0,0,0,0,0,0,0,0,0,0,1,0,1,0,0
0,1,1,0,0,0,1,0,0,0,0,1,0,0,0,0,0,0
0,0,0,0,1,0,0,0,0,0,0,0,0,0,0,1,0,0
0,1,1,0,0,0,0,0,0,0,0,0,0,0,0,0,0,0
0,0,0,0,0,1,0,0,0,0,0,0,0,0,0,1,0,0
0,0,0,0,0,0,0,1,0,0,0,0,0,0,0,0,0,0
0,0,0,0,0,0,0,0,0,0,0,1,0,0,0,1,0,0
1,0,0,0,0,0,0,0,0,1,0,0,0,0,0,0,0,0
0,0,0,1,0,0,0,0,0,0,0,0,0,0,0,0,0,0
0,0,0,0,0,0,0,0,1,0,0,0,0,0,1,0,0,0
0,0,0,1,0,0,0,0,0,1,0,0,0,0,0,0,0,0
0,0,1,0,0,0,0,0,0,0,0,0,0,0,0,1,0,0
0,1,0,0,1,0,0,0,0,0,0,0,0,0,0,0,0,1
1,1,1,0,1,0,0,0,1,0,0,1,1,0,1,1,0,0
0,0,0,0,0,0,0,0,0,1,0,0,1,0,0,0,0,0
0,0,0,0,0,0,0,1,1,0,0,0,0,0,0,0,0,0
0,0,0,0,0,0,1,0,0,0,0,0,0,0,0,1,0,0
0,0,0,0,0,0,0,0,1,0,0,0,1,0,0,0,0,0
0,0,0,0,0,0,0,0,0,1,0,0,1,0,0,0,0,0
0,0,0,0,0,0,1,0,0,0,0,1,0,0,0,0,0,0
0,1,0,0,0,0,0,0,1,0,0,0,0,0,0,0,0,1
0,0,0,0,0,0,0,0,1,1,0,0,0,0,0,0,0,0
0,1,1,0,1,0,0,1,1,1,0,1,1,1,0,0,1,1
0,1,0,0,0,0,0,0,0,0,1,0,0,0,0,0,0,0
0,0,0,0,0,0,0,0,0,1,0,0,0,1,0,0,0,0
0,1,0,0,0,0,0,0,0,0,1,0,0,0,0,0,0,0
0,0,0,0,0,0,0,0,1,0,0,0,0,0,0,0,0,0
0,0,0,0,0,0,0,0,0,0,0,0,0,1,0,1,0,0
1,0,0,0,0,0,0,0,0,0,0,0,0,0,0,1,0,0
0,1,0,0,0,0,0,0,0,0,0,0,0,0,0,0,0,1
0,0,0,0,0,0,0,0,0,0,0,0,0,1,0,1,0,0
0,0,0,0,0,0,0,0,0,0,0,0,0,0,0,1,1,0
0,1,0,1,0,0,0,0,0,0,0,0,0,0,0,0,0,0
0,1,0,0,0,0,1,0,1,1,1,0,1,1,0,1,1,0
0,0,0,0,0,0,0,0,0,0,1,0,1,0,0,0,0,0
0,0,0,0,0,0,0,0,1,0,1,0,0,0,0,0,0,0
0,1,1,0,0,0,0,0,0,0,0,0,0,0,0,0,0,0
0,0,0,0,0,0,0,0,0,0,0,0,1,0,1,0,0,0
0,0,0,0,1,0,0,0,0,0,0,0,0,0,0,0,0,0
0,0,0,0,0,0,0,0,1,0,0,0,0,0,0,0,1,0
0,0,0,0,0,0,0,0,1,0,0,0,0,0,1,0,0,0
0,0,0,0,0,0,0,0,0,0,0,0,1,0,0,1,0,0
0,1,0,0,0,0,1,0,0,0,0,0,0,0,0,0,0,0
1,1,0,0,1,0,0,0,1,0,0,0,1,1,0,1,0,1
0,0,0,0,0,1,0,0,0,0,0,0,0,0,0,1,0,0
0,0,0,0,0,0,0,0,0,0,0,0,0,1,0,1,0,0
0,0,0,0,0,0,0,0,1,0,0,0,0,0,0,0,1,0
0,1,0,0,0,0,0,0,1,0,0,0,0,0,0,0,0,0
0,0,0,0,0,0,0,0,1,0,0,0,0,0,0,1,0,1
0,0,0,0,0,0,0,0,1,0,0,0,0,0,0,0,0,0
0,1,0,0,0,0,0,0,1,0,0,1,0,0,0,0,0,1
0,1,0,1,0,1,1,1,0,1,1,0,0,0,1,1,0,1
0,1,1,0,0,0,0,0,0,0,0,0,0,0,0,0,0,0
0,1,0,1,0,0,0,0,0,0,0,0,0,0,0,0,0,0
0,1,0,0,0,1,0,0,0,0,0,0,0,0,0,0,0,0
1,1,0,0,0,0,0,0,0,0,0,0,0,0,0,0,0,0
0,0,0,0,0,1,0,0,0,0,0,0,0,0,0,1,0,0
0,0,0,0,0,0,0,0,0,0,0,0,0,0,0,1,1,0
0,0,0,0,0,0,1,0,0,0,0,0,0,0,1,0,0,0
0,0,0,0,1,1,0,0,0,0,0,0,0,0,0,1,0,0
0,1,1,0,0,0,0,1,1,0,0,0,0,0,1,1,0,0
0,0,0,0,0,0,0,0,0,1,0,0,0,0,0,1,0,0
0,1,0,0,0,0,0,0,0,0,0,0,0,0,0,0,0,1
0,0,0,0,0,0,0,0,0,0,0,0,0,1,0,1,0,0
0,1,0,0,0,0,0,0,0,0,0,0,0,1,0,0,0,0
0,1,0,0,0,0,0,0,0,0,0,0,0,1,0,0,0,0
0,0,0,0,0,0,0,0,1,1,0,0,0,0,0,0,0,0
0,0,0,0,0,0,0,0,0,1,0,0,1,0,0,1,0,0
0,0,0,0,0,0,0,0,1,1,0,0,0,0,0,0,0,0
0,0,0,0,0,0,0,0,0,0,0,0,0,0,0,1,0,1
0,0,0,0,1,0,0,0,0,1,0,0,0,0,0,0,0,0
0,0,0,0,0,0,0,0,1,1,0,0,1,0,0,0,0,0
1,0,0,0,0,0,0,0,0,1,0,0,0,0,0,0,0,0
0,0,0,0,0,1,0,0,0,0,0,0,0,0,1,1,0,0
0,0,0,1,0,0,0,0,0,1,0,0,0,0,0,0,0,0
1,0,1,0,1,0,0,0,0,0,1,0,0,0,0,1,0,1
0,0,0,0,0,0,0,0,1,0,0,0,0,0,0,1,0,0
0,0,0,0,0,1,0,0,0,1,0,0,0,0,0,0,0,0
0,1,0,0,0,0,0,0,0,0,0,0,0,0,0,1,0,1
0,0,0,0,0,0,0,0,1,0,0,1,0,0,0,0,0,0
0,0,1,0,0,0,0,0,0,0,0,0,0,0,0,1,0,0
0,1,0,0,0,0,0,0,1,0,0,0,0,0,0,0,0,0
0,1,1,0,0,0,0,0,0,0,1,0,0,0,0,0,0,0
0,0,1,0,0,0,0,0,0,1,0,0,0,0,0,0,0,0
0,1,0,0,0,1,0,0,0,0,0,0,0,0,0,0,0,0
0,1,1,1,0,1,0,1,1,1,1,0,0,1,0,1,0,0
0,0,0,0,0,0,0,0,0,0,0,0,0,0,0,1,0,1
1,1,0,1,0,1,1,0,0,0,0,0,0,0,0,1,1,1
0,0,0,0,0,0,0,0,0,0,0,0,0,1,0,1,0,0
0,0,0,0,0,1,0,0,0,0,0,0,0,0,0,1,0,0
0,1,0,0,0,0,0,1,0,0,0,0,0,0,0,0,1,0
0,0,0,0,0,0,1,0,0,0,0,0,0,1,0,1,0,1
0,1,0,0,0,0,0,1,1,0,0,0,0,0,0,0,0,0
0,1,0,1,0,0,0,0,0,0,0,0,0,0,0,0,0,0
0,0,0,0,0,1,0,0,0,1,0,0,0,0,0,0,0,0
0,0,0,0,0,0,0,0,0,0,0,0,0,0,0,1,1,1
1,1,0,0,0,0,0,0,0,0,0,0,0,1,0,0,0,0
0,1,1,0,0,1,1,1,0,0,1,0,1,0,0,1,1,0
0,1,0,0,0,0,0,0,0,0,0,0,0,0,0,0,0,1
0,0,0,0,0,1,0,0,0,0,0,0,0,0,1,1,0,0
1,0,0,0,0,0,0,0,0,0,0,0,0,0,0,0,0,0
0,0,0,0,0,0,1,0,1,0,0,0,0,0,0,0,0,0
0,0,0,0,0,0,1,0,1,0,1,0,0,0,0,0,0,0
0,0,0,0,0,0,0,0,1,0,0,0,0,0,0,1,0,0
0,0,0,0,0,0,0,1,0,0,0,0,0,0,0,1,0,0
0,0,0,0,0,0,0,0,0,0,0,0,0,0,0,1,0,1
0,0,0,1,0,0,0,0,0,1,0,0,0,0,0,0,0,0
0,0,0,0,0,0,0,0,0,0,0,1,0,0,0,1,0,0
1,1,1,1,1,0,1,0,1,1,0,1,0,0,0,1,1,1
0,0,0,0,0,1,1,0,0,0,0,0,0,0,0,1,0,0
0,1,0,0,0,0,0,0,0,0,1,0,0,0,0,0,0,0
0,0,0,0,0,0,0,0,0,1,0,0,1,0,0,0,0,0
0,1,0,0,0,0,1,0,0,0,0,1,0,0,0,0,0,1
0,1,0,0,0,0,0,0,0,0,1,0,0,0,0,0,0,0
0,0,0,0,0,0,0,0,0,0,1,0,0,0,0,1,0,0
0,1,0,0,1,1,0,1,1,0,1,0,0,1,1,1,0,0
0,0,0,0,0,0,0,0,0,0,0,0,0,1,0,1,0,0
0,0,0,0,0,1,0,0,0,0,0,0,0,0,0,1,0,0
0,1,1,0,0,0,0,0,0,0,0,0,0,0,0,0,0,0
0,1,0,0,0,0,0,1,0,0,0,0,0,0,0,0,0,0
0,0,0,0,0,0,0,1,0,0,0,0,0,1,1,1,0,0
0,1,0,0,0,1,0,0,0,0,0,0,1,0,1,1,0,1
0,1,0,0,0,0,0,0,0,0,0,0,0,0,1,0,0,0
0,1,1,0,0,0,0,0,0,0,0,0,0,0,1,1,1,1
0,0,0,0,0,0,0,1,0,0,0,0,0,0,1,0,0,0
0,1,1,0,0,0,0,1,0,1,0,1,0,0,0,1,0,1
0,0,0,0,0,0,0,0,0,1,0,0,1,0,0,0,0,0
0,0,0,1,0,0,0,0,0,0,0,1,0,0,0,0,0,0
0,0,0,0,0,0,0,0,1,0,0,0,0,0,0,0,1,0
0,0,0,0,0,0,0,0,0,0,0,0,0,0,0,0,1,0
1,1,1,0,0,0,0,0,1,1,1,0,1,1,1,0,0,0
0,1,0,0,0,0,0,0,0,0,0,0,0,0,0,0,0,1
1,0,0,0,0,0,0,0,0,0,0,0,0,1,0,1,0,0
0,0,0,1,0,0,0,0,1,0,0,0,0,0,0,0,0,0
0,1,0,0,0,0,0,0,0,0,0,1,0,0,0,0,0,0
0,0,0,0,0,0,0,1,0,0,0,1,0,0,0,0,0,0
0,0,0,0,0,1,0,0,0,1,0,0,0,0,0,0,1,0
0,0,0,0,0,0,0,0,1,0,0,0,0,0,1,0,0,0
0,0,0,1,0,0,0,0,0,0,0,0,0,0,0,1,0,0
0,0,0,0,0,0,0,1,1,0,0,0,0,0,0,0,0,0
0,0,0,1,0,1,0,0,1,1,0,1,0,0,1,0,0,0
0,1,0,0,0,1,0,0,0,0,0,0,0,0,0,0,0,0
0,1,0,0,0,1,0,0,0,0,0,0,0,0,0,0,0,0
0,0,0,0,0,0,0,0,1,0,0,0,0,0,0,0,1,0
0,1,1,0,0,0,0,0,0,0,0,0,0,0,0,0,0,0
0,1,1,0,0,0,0,0,0,0,0,0,0,0,0,1,0,1
0,1,0,0,0,1,0,0,0,0,0,0,0,0,0,1,0,0
0,1,0,0,0,0,0,0,0,0,0,0,0,0,0,0,0,1
0,1,0,1,0,0,0,0,1,0,0,0,0,0,1,0,0,1
0,0,0,0,0,1,1,0,0,0,0,0,0,0,0,1,0,0
0,1,0,0,0,1,0,0,0,0,0,0,0,0,1,1,1,0
1,0,0,0,0,0,0,0,1,0,0,0,0,0,0,0,0,0
0,0,0,0,0,0,0,0,1,0,0,0,0,0,1,0,0,0
0,0,1,0,0,0,0,0,0,0,0,0,0,0,0,1,0,0
0,0,0,0,0,1,0,0,0,0,0,0,1,0,0,1,0,0
0,1,0,0,0,0,0,0,0,0,0,0,0,1,0,1,0,1
0,1,0,0,0,0,0,0,0,0,0,0,0,0,0,0,0,0
0,0,1,0,0,0,0,0,0,0,0,0,0,0,0,1,1,0
0,1,0,0,0,0,0,0,0,0,0,0,0,1,0,0,0,0
1,0,0,1,0,0,0,0,0,0,0,0,0,0,0,0,0,0
0,0,0,0,0,1,0,0,1,1,0,0,0,0,0,0,0,0
0,1,1,1,0,0,0,1,0,1,0,0,0,1,1,0,1,0
0,0,0,0,0,0,1,0,0,0,0,0,0,0,0,0,0,0
0,1,1,0,0,0,0,0,0,0,0,0,0,0,0,0,0,0
0,0,0,0,0,0,0,0,1,0,0,1,0,0,0,0,0,0
0,0,0,0,0,1,0,0,0,0,0,0,0,0,0,1,0,0
0,0,0,0,0,0,0,0,0,0,0,0,1,0,0,1,0,1
0,0,0,0,0,0,0,0,0,0,0,0,0,0,1,1,0,1
0,1,0,0,0,0,0,0,1,0,0,0,0,0,0,0,0,1
0,1,0,0,0,0,0,0,0,0,0,0,0,0,0,0,0,1
0,0,0,0,0,0,1,0,1,0,0,0,0,0,0,0,0,0
0,0,0,1,0,0,1,1,1,0,0,0,1,1,0,1,0,0
0,1,0,0,0,0,0,0,0,0,0,0,1,1,0,0,0,0
0,0,0,0,0,0,0,0,0,0,0,0,0,0,0,1,0,1
0,0,0,0,1,0,0,0,0,0,0,0,0,0,0,1,0,0
0,1,0,0,0,0,0,0,0,0,0,0,0,1,0,0,0,0
0,0,0,0,0,0,0,0,1,0,0,0,0,0,0,0,0,0
1,0,0,0,0,0,0,0,1,0,0,0,0,0,0,0,0,0
0,1,0,0,0,0,0,0,0,0,0,0,0,1,0,0,0,0
0,0,0,0,0,0,0,0,1,0,0,0,1,0,0,0,0,0
1,0,0,0,0,0,0,0,0,0,0,0,0,0,1,0,0,0
1,1,1,1,0,0,0,0,1,0,1,0,0,0,0,0,0,0
0,1,1,0,0,0,0,0,0,0,0,0,0,0,0,0,0,0
0,1,0,0,0,0,0,0,0,0,0,0,0,1,0,0,0,0
0,0,0,0,0,0,0,0,1,0,0,1,0,0,0,0,0,0
0,1,0,0,0,1,0,0,0,0,0,0,0,0,0,0,0,0
0,1,0,0,0,0,0,0,0,0,0,0,0,0,1,0,0,0
0,1,0,0,0,0,0,0,0,0,0,0,0,1,0,1,0,0
0,0,0,0,0,0,0,0,0,0,0,0,0,0,0,1,0,1
0,0,0,0,0,1,0,0,0,0,0,0,0,0,0,1,0,0
0,0,1,0,0,0,0,0,0,0,0,0,0,0,0,1,0,0
0,0,0,0,0,0,0,0,1,0,0,0,0,0,0,0,1,0
0,0,0,0,0,0,0,0,0,1,0,0,0,1,0,0,0,0
0,0,1,0,0,0,0,0,0,0,0,0,0,0,0,1,0,0
0,0,0,0,0,0,0,0,1,0,0,0,0,0,0,0,0,0
1,0,0,0,0,0,0,0,1,0,1,0,0,0,1,0,0,0
0,0,0,0,0,0,0,0,0,0,0,0,0,0,0,1,0,1
0,0,1,0,0,0,0,0,0,1,0,0,0,0,0,0,0,0
0,0,0,0,0,1,0,0,0,0,0,0,0,0,0,1,0,0
0,1,0,0,0,0,0,0,0,0,0,0,0,0,0,0,0,1
1,0,0,0,0,1,0,0,0,0,0,0,0,0,0,1,0,0
0,0,0,0,0,1,1,0,1,0,0,0,0,0,0,1,0,0
0,1,0,0,0,0,0,0,0,0,0,0,1,0,0,0,0,0
0,0,0,0,0,0,1,1,0,0,0,1,0,0,0,1,1,1
0,1,0,0,0,1,0,0,0,0,0,0,0,1,0,1,0,0
0,1,1,0,0,0,0,0,0,0,0,0,0,0,0,0,0,0
0,1,0,0,0,0,0,0,1,0,0,0,0,0,0,0,1,0
0,0,0,0,0,0,0,0,1,1,0,0,0,0,0,0,0,1
0,0,0,1,0,1,0,1,0,0,1,0,0,0,0,1,0,0
0,0,0,0,0,0,0,0,0,0,0,1,0,0,0,0,0,0
0,1,0,0,0,1,0,0,0,0,0,0,1,0,0,0,0,0
0,0,0,0,1,0,0,0,1,0,0,0,0,0,0,0,0,0
0,0,0,0,0,0,0,0,0,1,0,0,0,1,0,1,0,0
0,1,0,1,0,0,0,0,0,0,0,0,0,0,0,0,0,0
0,0,0,0,0,0,0,1,0,0,0,0,0,0,0,1,0,0
0,1,1,0,0,0,0,0,0,0,0,0,0,0,0,0,0,0
0,0,0,0,0,0,0,0,0,0,0,0,1,0,0,1,0,0
0,0,0,0,0,0,0,0,0,0,0,1,0,0,0,1,0,0
0,0,0,0,0,0,0,0,0,0,0,0,0,0,0,1,1,0
0,1,0,0,0,1,0,0,0,0,0,0,0,0,0,0,0,0
0,0,0,0,0,0,0,0,0,1,0,0,0,1,0,0,0,0
0,0,1,0,0,0,0,0,0,0,0,0,0,0,0,1,0,0
0,0,0,0,0,0,0,0,0,1,0,0,1,0,0,0,0,0
0,0,0,0,0,0,0,0,1,0,0,0,0,0,1,0,0,0
0,1,1,0,0,0,1,1,1,0,0,1,1,0,0,0,1,0
0,0,0,0,0,0,0,0,1,0,0,0,0,0,0,0,0,0
0,0,0,0,0,0,0,0,0,0,0,0,0,0,0,1,0,0
0,0,0,0,0,0,0,0,1,0,0,0,0,0,1,0,0,0
0,1,0,0,0,0,1,0,0,0,0,0,0,0,0,0,0,0
0,0,0,0,0,1,0,1,0,1,1,0,0,0,0,0,1,0
0,1,0,0,0,0,0,0,1,0,0,0,0,0,1,0,0,0
0,0,0,0,0,0,0,0,0,0,0,0,1,0,0,0,0,0
0,0,0,0,0,0,0,0,1,0,0,0,1,0,0,0,0,0
0,1,0,1,1,0,0,1,1,0,0,1,0,1,0,1,0,1
0,1,0,0,0,1,1,0,0,0,0,0,0,0,0,0,0,0
0,0,0,0,0,0,1,0,1,0,0,0,0,0,0,0,0,0
0,1,0,1,0,0,0,0,0,0,0,0,0,1,0,1,0,0
0,0,0,0,0,1,0,0,0,0,0,0,0,0,0,1,0,0
0,0,0,1,0,0,0,0,0,0,0,0,0,0,0,1,0,0
0,0,0,0,0,0,0,0,0,0,0,0,1,0,1,1,0,0
0,0,0,0,1,0,1,0,0,0,0,1,0,0,0,0,0,0
0,0,0,0,0,0,0,0,0,0,0,0,0,1,0,1,0,1
0,1,1,0,0,0,0,0,0,0,0,1,0,0,0,0,0,1
0,0,1,0,0,0,0,0,0,0,0,0,0,0,0,1,0,0
0,0,0,0,0,0,1,0,1,0,0,0,0,0,0,0,0,0
0,0,1,1,0,0,0,0,1,0,0,0,0,0,0,1,0,0
0,0,0,0,0,0,0,0,1,0,0,0,0,0,1,0,0,0
0,1,1,0,0,0,1,0,0,0,0,0,0,0,0,0,0,0
0,1,1,0,0,0,0,0,0,1,0,0,1,0,0,0,0,0
1,0,0,0,0,0,0,0,0,0,0,1,0,0,0,0,0,0
1,0,0,0,1,0,0,0,0,1,0,0,0,0,0,0,0,0
0,1,0,0,0,1,0,1,1,0,0,0,0,0,0,1,1,1
0,0,0,1,0,0,0,0,0,0,0,0,0,0,0,0,0,0
0,1,0,0,0,1,0,0,0,0,0,0,0,0,0,0,0,0
0,0,1,0,0,0,0,0,0,1,0,0,0,0,0,0,0,0
1,0,0,0,1,0,0,0,0,1,1,0,0,0,0,0,0,0
0,0,1,0,0,0,0,0,0,0,0,0,0,0,0,1,0,0
0,0,0,0,0,0,0,0,0,0,0,0,0,1,0,1,0,0
0,0,0,1,0,0,0,0,0,0,0,0,0,0,0,1,0,0
0,0,0,0,1,0,0,0,0,0,0,1,0,0,0,0,0,0
0,0,0,0,1,1,0,0,1,0,0,0,0,0,0,1,0,0
0,1,0,0,0,1,0,0,0,0,0,0,0,0,0,0,0,0
0,1,0,1,0,0,0,0,0,0,0,0,0,0,0,0,0,0
1,1,1,1,1,0,0,1,1,0,0,1,1,0,1,1,0,0
0,0,1,0,0,0,0,0,0,0,0,0,0,0,0,1,0,0
0,0,0,0,1,0,0,0,0,0,0,0,0,0,0,1,0,0
0,1,0,0,0,0,0,0,0,0,0,0,0,0,0,1,0,1
0,1,0,0,0,0,1,0,0,0,0,0,0,0,0,0,0,0
0,0,0,0,0,0,0,1,0,0,0,0,0,0,0,1,0,1
0,0,0,1,0,0,0,0,1,0,0,0,0,0,0,0,0,0
0,1,0,1,0,1,0,0,1,0,0,1,0,0,0,0,0,0
0,0,0,0,1,0,0,0,0,0,0,0,0,0,0,1,0,0
0,0,1,0,0,0,0,0,0,0,0,0,0,0,0,1,0,0
1,0,0,0,0,0,0,0,1,0,1,0,0,0,0,1,0,0
0,0,0,0,0,0,0,0,0,0,0,0,0,0,0,1,0,1
0,0,0,0,0,0,0,0,0,1,0,0,0,1,0,0,0,0
0,1,1,0,0,0,0,0,0,0,0,0,0,0,0,0,0,0
0,0,0,0,0,0,0,0,1,0,0,0,0,0,1,0,0,0
0,0,0,0,0,0,0,0,1,0,0,0,0,0,0,0,0,0
0,0,0,0,1,0,0,0,0,1,0,0,0,0,0,0,0,0
0,0,0,0,0,0,1,0,0,0,0,0,0,0,0,1,0,0
0,0,0,0,1,0,0,0,0,0,0,0,0,0,1,0,0,0
1,1,0,0,0,1,0,0,0,0,0,0,0,0,0,0,0,0
0,1,0,0,0,0,0,0,1,0,0,0,0,0,0,1,0,0
1,0,0,0,0,0,1,0,1,0,1,0,0,0,0,1,0,1
1,0,0,0,0,0,0,0,1,0,0,0,0,0,0,0,0,0
0,0,0,0,0,0,0,0,1,0,0,0,1,0,0,0,0,0
0,1,0,0,0,0,0,0,1,0,1,0,1,0,0,0,1,1
0,1,0,0,0,0,0,1,0,0,0,0,0,0,0,0,0,1
0,0,0,1,0,1,0,0,0,0,0,0,0,0,0,1,0,0
0,0,0,0,0,1,0,0,0,1,0,0,0,1,0,1,0,0
0,0,0,0,0,0,0,0,1,0,0,0,0,0,0,0,0,0
1,0,0,0,0,0,0,0,0,0,0,0,0,0,0,1,0,0
0,1,1,0,0,0,0,0,0,0,0,0,0,0,0,0,0,0
0,1,1,0,0,0,0,0,0,0,0,0,0,0,0,0,0,0
1,0,0,0,0,0,0,0,0,1,0,0,0,0,0,0,0,1
0,1,0,0,0,1,0,0,0,0,0,0,0,0,0,0,0,0
0,0,0,0,0,0,0,0,0,0,1,0,1,0,0,0,0,0
0,0,0,0,0,0,0,0,0,0,0,1,1,0,0,0,0,0
0,1,0,0,0,0,0,0,0,1,0,0,0,1,0,0,0,0
0,1,0,0,0,0,0,0,0,0,0,0,0,0,0,0,0,1
1,1,0,1,0,1,0,0,0,0,0,1,0,1,0,1,0,1
0,1,0,0,0,1,0,0,0,0,0,0,0,0,0,0,0,0
0,0,0,0,0,0,0,0,0,1,0,0,0,1,0,0,0,0
0,0,0,0,0,0,0,0,0,0,0,0,1,0,0,1,0,1
0,0,0,0,0,1,0,0,1,0,0,1,0,0,0,1,0,0
0,1,0,0,0,0,0,0,0,0,0,0,0,0,0,0,0,1
1,0,0,0,0,0,0,0,0,0,0,0,0,0,0,1,0,0
0,0,1,0,0,0,0,0,0,0,0,0,0,0,0,1,0,0
0,1,0,0,0,1,0,0,1,0,0,0,0,0,0,0,0,0
0,0,0,0,0,1,0,0,0,0,0,0,0,0,0,1,0,0
0,1,1,0,0,1,1,0,1,1,1,0,1,0,1,1,0,1
0,1,0,0,0,1,0,0,0,0,0,0,0,0,0,0,0,0
0,0,0,0,0,0,0,0,0,0,0,0,0,1,0,1,0,0
0,0,0,0,0,0,0,0,0,1,1,0,0,1,0,0,0,0
1,0,0,1,0,0,0,0,0,0,0,0,0,0,0,0,0,0
0,0,0,0,0,0,0,1,0,0,0,0,0,0,1,0,0,0
0,1,0,0,0,1,0,0,0,0,0,0,0,0,0,0,0,0
0,0,0,1,0,0,0,0,0,0,0,0,0,0,0,0,0,0
0,0,0,0,1,0,0,0,0,0,0,0,1,0,0,0,0,0
0,1,0,0,0,1,0,0,0,1,0,0,0,1,0,0,0,0
0,1,1,0,0,0,1,1,1,1,1,0,0,1,0,1,0,1
0,0,0,0,1,0,0,0,0,0,0,0,0,0,0,1,0,0
0,0,0,0,0,0,0,0,1,0,0,0,0,0,0,0,1,0
0,1,0,0,0,0,0,0,0,0,0,0,0,0,0,0,0,1
0,1,1,0,0,0,0,0,0,0,0,0,0,0,0,0,0,0
0,1,1,0,0,0,0,0,0,0,0,0,0,0,0,0,0,0
0,0,1,0,0,0,0,0,0,0,0,0,0,0,0,1,0,0
0,1,0,0,0,0,0,0,0,0,0,0,0,0,0,0,0,1
0,0,0,1,1,0,0,0,0,0,0,0,0,0,0,1,0,0
0,0,0,0,0,0,0,0,0,1,0,1,1,0,1,0,0,1
0,0,0,0,0,0,0,0,0,0,0,0,1,1,0,1,0,0
0,0,0,0,0,0,0,0,0,0,0,1,0,0,0,0,0,0
0,0,0,0,0,0,0,0,0,0,1,0,0,0,0,0,0,0
1,0,1,0,0,0,0,0,1,0,0,0,0,0,0,1,0,0
0,1,0,0,0,1,0,0,0,0,0,0,0,0,0,0,0,0
0,1,0,1,0,0,0,1,1,1,0,0,0,0,1,0,0,0
0,1,0,0,0,0,0,0,0,0,0,0,0,0,0,0,0,1
0,0,0,0,0,1,0,1,0,0,0,0,0,0,1,1,0,0
0,1,1,0,1,0,0,0,0,0,0,0,0,0,0,0,0,0
0,0,1,0,0,0,0,0,0,1,0,0,0,0,0,0,0,0
0,1,0,0,0,0,0,0,0,1,0,0,0,1,0,0,1,0
0,1,0,0,0,0,0,0,0,0,0,0,0,0,0,0,0,1
0,0,0,0,0,0,0,0,1,0,0,0,1,0,0,0,0,0
0,0,1,0,0,0,0,0,0,0,0,0,0,0,0,1,0,0
0,1,0,0,1,0,0,0,1,1,1,0,0,1,1,0,0,1
0,0,1,0,0,0,0,0,0,0,0,0,0,0,0,1,0,0
0,0,0,0,0,0,0,0,1,0,0,0,0,0,1,0,0,0
0,0,0,0,0,0,0,0,0,0,0,0,0,0,0,1,1,0
0,0,0,0,0,0,0,0,0,1,0,0,0,0,0,0,0,1
0,1,0,0,0,0,0,0,0,0,0,0,0,1,0,0,0,0
0,0,0,0,0,0,0,0,0,0,0,0,0,0,0,1,0,1
0,0,0,0,0,0,0,0,0,0,0,0,0,1,0,1,0,0
0,0,0,0,0,0,0,0,1,0,0,0,0,0,0,0,0,0
0,0,0,0,0,0,0,0,1,0,0,0,0,0,1,0,0,0
0,0,0,0,0,0,0,0,0,1,0,0,0,0,0,0,0,1
1,0,1,0,0,1,0,0,0,0,0,0,0,0,0,1,0,0
1,1,0,1,0,0,0,0,1,0,0,1,0,1,0,1,0,1
0,0,0,0,0,0,0,0,0,0,0,0,0,0,0,1,0,1
0,1,0,0,0,0,0,0,0,0,0,0,0,0,0,0,0,1
0,0,0,0,0,0,0,0,0,0,0,0,0,1,0,1,0,0
0,1,0,0,0,0,0,0,0,0,1,0,0,0,0,0,0,0
0,0,0,0,0,1,0,0,0,1,0,0,0,0,0,0,0,0
0,0,0,0,0,1,0,0,0,1,0,0,0,0,0,0,0,0
0,0,0,0,0,0,0,1,0,0,0,0,0,0,0,0,1,0
0,0,0,0,0,0,0,0,1,0,0,0,0,0,0,0,1,0
1,0,0,0,0,0,0,0,1,0,0,0,1,1,0,1,0,0
0,0,0,0,0,0,0,1,1,0,1,0,0,0,0,0,0,0
0,0,0,0,0,0,0,0,0,0,0,1,0,0,0,0,0,0
0,0,1,0,0,0,0,1,1,0,1,1,0,0,0,1,0,0
0,0,0,0,1,0,0,1,0,0,0,0,0,0,0,0,0,0
0,0,0,1,0,0,0,0,1,0,0,0,0,0,0,0,0,0
0,1,1,0,0,0,0,0,0,0,0,0,0,0,1,0,0,0
0,1,0,0,0,1,1,0,0,0,0,0,0,0,0,0,0,0
0,0,0,0,0,0,0,1,0,1,0,0,0,0,0,0,0,0
0,0,0,0,0,0,1,0,1,0,0,0,0,0,0,0,0,0
1,1,0,1,0,1,1,0,1,0,0,1,1,0,1,1,0,1
0,0,0,0,0,0,0,0,0,1,0,0,0,1,0,0,0,0
0,0,0,0,0,0,0,0,1,0,0,0,0,0,0,0,0,0
0,0,0,0,0,0,0,0,0,1,0,1,0,0,0,0,0,0
0,1,0,0,0,0,0,1,0,0,0,0,0,0,0,0,0,0
0,0,0,0,0,0,0,1,1,0,0,0,0,0,0,0,0,0
0,0,0,0,0,0,0,0,1,0,0,0,0,0,0,0,1,0
0,1,0,0,0,0,0,1,0,0,0,0,0,0,0,0,0,0
0,0,0,0,0,0,0,0,1,0,0,0,0,0,1,0,0,0
0,1,1,0,0,0,0,1,0,0,0,0,0,0,0,0,0,0
0,0,1,0,1,0,0,1,1,1,0,0,0,0,0,1,0,0
0,1,0,0,0,1,0,0,0,0,0,0,0,0,0,0,0,0
1,0,0,0,0,1,0,0,0,1,0,1,0,0,0,0,0,0
0,0,1,0,0,0,1,0,0,1,0,0,0,0,0,0,0,0
0,1,1,0,0,0,0,0,0,0,0,0,0,0,0,0,0,0
1,0,0,0,0,0,0,0,1,0,0,0,0,0,0,0,0,0
0,0,0,0,0,1,0,0,0,0,0,0,0,0,0,1,0,0
0,1,1,0,0,0,0,0,0,0,0,0,0,0,0,0,0,0
0,0,0,0,0,0,0,0,0,0,0,1,0,0,0,1,0,0
0,0,1,0,1,0,0,0,1,1,0,0,0,1,1,0,0,0
0,0,0,0,0,1,0,0,0,1,0,0,0,0,0,0,0,0
0,1,0,0,0,1,0,0,0,0,0,0,0,0,0,0,0,0
0,0,0,0,0,0,0,0,0,0,0,0,0,1,0,1,0,0
0,0,0,0,0,0,1,0,0,1,0,0,0,0,0,0,0,0
0,1,1,0,1,1,0,1,0,1,0,0,0,0,0,1,0,0
0,0,0,0,0,0,0,0,0,0,0,0,0,1,0,1,0,0
1,1,0,0,0,0,0,0,0,0,0,0,0,0,1,0,0,0
0,1,0,0,0,0,0,0,0,0,0,0,0,1,0,0,0,0
0,1,0,0,0,0,0,0,0,0,0,0,0,0,0,0,0,1
0,1,0,1,0,0,0,0,0,0,0,0,0,0,0,0,0,1
0,0,0,0,0,0,0,0,1,0,0,1,0,0,0,0,0,0
0,1,0,0,0,0,0,0,0,0,0,0,0,0,1,0,0,0
0,1,0,1,1,0,0,1,1,0,0,0,0,0,1,0,0,1
0,0,0,0,0,0,0,0,0,0,0,0,0,1,0,1,0,0
0,1,0,0,0,0,0,1,0,0,0,0,0,0,0,0,0,0
0,0,0,0,0,1,0,0,0,1,0,0,0,0,0,0,0,0
0,0,0,0,0,0,0,0,0,0,0,0,0,1,0,1,0,0
0,0,1,0,0,0,0,0,0,0,0,0,0,0,0,1,0,0
0,0,1,0,0,0,0,0,0,0,0,0,0,0,0,1,0,0
0,0,0,1,0,0,0,0,1,0,0,0,0,0,0,0,0,0
0,0,0,0,0,1,0,0,0,0,1,0,1,0,0,1,0,0
0,1,0,0,0,0,0,0,0,0,0,0,0,1,0,1,0,1
0,1,1,0,1,0,1,0,1,0,1,0,1,0,0,0,0,0
0,1,0,0,0,0,0,0,0,0,1,0,0,0,0,0,0,0
0,0,0,0,0,0,0,0,0,0,0,0,0,1,0,1,0,0
0,1,0,0,0,0,0,0,0,0,0,0,0,1,0,0,0,0
0,0,0,0,0,0,0,0,1,0,0,0,1,0,0,0,0,0
0,0,0,0,0,0,0,0,1,0,0,0,0,0,0,0,1,0
0,0,0,0,0,0,0,0,0,0,0,1,0,0,1,0,0,0
0,1,0,1,0,1,0,1,0,0,0,0,1,0,0,0,0,1
0,0,0,0,0,0,0,0,0,0,0,0,0,0,0,1,0,1
0,0,0,0,1,0,1,0,1,0,0,0,0,0,0,1,0,1
0,1,0,0,0,1,1,0,0,0,0,0,0,1,0,1,0,0
0,1,0,0,1,0,0,0,0,0,0,0,0,0,0,0,0,1
0,0,0,0,0,0,0,0,0,0,0,0,0,1,0,1,0,0
0,0,1,0,0,0,0,0,0,1,0,0,0,0,0,0,0,0
0,0,0,0,0,0,0,0,0,0,0,0,0,0,0,1,0,1
0,1,0,0,1,0,0,0,0,0,0,0,0,0,0,0,0,0
1,1,1,0,0,0,1,0,0,0,0,1,0,0,0,0,0,0
0,1,1,1,0,0,1,0,1,0,0,1,0,0,0,1,0,1
0,0,0,0,0,0,0,0,0,1,0,0,1,0,0,0,0,0
0,1,0,0,0,0,0,0,1,0,0,0,0,0,0,0,0,1
0,1,0,0,1,0,0,0,0,0,0,0,0,1,0,0,0,0
0,0,0,0,0,1,0,0,0,0,0,0,0,0,0,1,0,0
0,0,0,0,0,0,0,0,1,0,1,0,0,0,0,0,0,0
0,0,0,1,0,0,0,0,0,0,0,0,0,1,0,1,0,0
0,0,0,0,0,0,0,0,0,1,0,0,0,1,0,0,0,0
0,1,0,0,0,0,0,0,0,0,0,0,0,0,0,0,1,1
0,0,1,1,0,1,1,0,1,1,0,0,1,0,0,1,0,1
0,0,0,0,0,0,0,0,0,1,0,0,0,0,0,0,1,0
0,0,0,1,0,0,0,0,0,0,0,0,0,0,0,0,0,0
0,0,1,0,0,0,0,0,0,1,0,0,0,0,0,0,0,0
0,1,0,0,0,1,0,0,0,0,0,0,0,0,0,1,0,0
0,0,0,0,0,0,1,0,0,0,0,1,0,0,0,0,0,0
0,0,0,0,0,0,0,0,0,0,0,0,0,1,0,1,0,0
0,0,0,1,0,0,0,0,0,0,1,0,0,0,0,0,0,0
0,0,0,0,0,0,0,0,1,0,0,1,0,0,0,1,0,1
0,0,0,0,0,0,0,0,0,0,1,1,0,0,1,0,1,0
0,0,0,0,0,0,0,0,0,1,0,0,0,1,0,0,0,0
0,0,1,0,0,0,0,0,0,0,0,0,0,0,0,1,0,0
0,1,1,0,0,0,0,0,0,0,0,0,0,0,0,0,0,0
0,0,0,0,0,0,0,1,0,0,0,0,0,0,0,1,0,0
0,1,0,0,0,0,0,0,0,1,0,0,0,0,0,0,0,1
0,0,0,0,0,0,0,1,1,0,0,0,0,0,0,0,0,0
0,0,1,0,1,0,0,0,0,1,0,0,0,0,0,1,0,0
0,0,0,0,0,0,0,1,0,0,0,0,0,0,0,0,0,0
0,0,0,0,0,0,1,0,0,0,0,0,0,0,1,0,0,0
0,1,0,1,0,0,0,1,1,0,1,0,0,1,0,0,0,0
0,0,0,0,0,1,0,0,0,0,0,0,0,0,0,1,0,0
0,0,1,0,0,0,0,0,0,0,0,0,0,0,0,1,0,0
0,1,0,0,0,1,0,0,0,0,0,0,0,0,0,0,0,0
0,0,0,0,0,0,1,0,1,0,0,0,0,0,0,0,0,0
0,0,0,0,1,0,0,0,1,0,0,0,0,0,0,0,0,0
1,0,0,0,0,0,0,0,0,1,0,0,0,0,0,0,0,0
0,0,0,0,0,1,0,0,0,1,0,0,0,0,0,0,0,0
0,0,1,0,0,0,0,0,0,0,0,0,0,0,0,1,0,0
0,1,1,1,0,1,0,1,1,0,0,1,1,1,1,1,0,1
0,0,1,0,0,0,0,0,0,1,0,0,0,0,0,0,0,0
0,1,0,0,0,0,1,0,0,0,0,0,0,0,0,0,0,0
0,0,1,0,0,0,0,0,0,0,0,0,0,1,0,1,0,0
0,0,0,0,0,0,0,0,0,0,0,0,0,1,0,1,0,0
0,1,0,0,0,0,0,0,0,0,0,0,0,1,0,0,0,0
0,0,0,1,0,0,0,0,0,0,0,1,0,0,0,0,0,0
0,0,0,0,0,0,1,0,1,0,0,0,0,0,0,0,0,0
0,0,0,0,0,0,1,0,0,0,0,0,1,0,0,0,0,0
0,0,0,0,0,0,0,0,0,0,0,0,0,0,0,0,1,0
0,1,0,0,0,1,0,0,0,0,0,0,0,0,0,0,1,0
1,0,0,0,0,1,0,0,0,0,0,0,0,0,0,1,0,0
0,1,0,0,1,0,1,0,0,0,0,0,1,0,0,0,0,1
0,0,0,0,0,0,0,0,0,1,0,0,0,0,0,0,1,0
0,0,0,0,0,0,0,0,0,0,0,0,0,1,0,1,0,0
0,1,0,0,1,0,0,0,0,0,0,0,0,1,0,0,0,0
0,1,0,0,0,0,0,0,0,0,0,0,0,1,0,0,0,0
0,0,0,0,0,0,0,0,1,0,0,0,0,0,0,0,0,0
0,0,0,0,1,0,0,0,1,0,0,0,0,0,0,0,0,0
0,1,0,0,0,0,0,0,0,0,0,0,0,1,0,0,0,0
0,0,0,0,0,0,0,0,1,0,0,0,0,0,1,0,0,0
1,0,0,0,0,0,0,0,0,0,0,0,0,0,0,1,0,1
0,0,0,0,0,0,0,0,0,1,0,0,0,0,0,0,0,0
1,1,1,0,0,0,0,0,1,0,0,1,0,0,0,1,0,0
0,1,1,0,0,1,0,0,0,0,1,0,0,0,0,0,0,0
0,0,0,0,0,0,0,0,0,0,0,0,0,0,0,1,0,1
0,1,0,0,0,0,0,0,0,0,0,0,0,0,0,0,0,1
0,0,0,0,0,0,0,0,1,0,0,0,0,1,0,1,0,0
0,0,0,0,0,0,0,0,0,1,0,0,0,0,0,0,0,1
1,1,0,0,0,1,0,0,0,1,0,0,0,0,0,0,0,0
0,1,0,0,0,0,0,0,0,0,0,0,0,0,0,0,0,1
0,1,1,0,0,0,0,0,0,0,0,0,0,0,0,0,0,0
0,1,0,1,0,1,0,0,0,0,0,0,0,0,0,0,0,0
1,1,0,1,0,0,0,0,1,0,1,1,0,1,1,1,1,0
0,1,0,0,0,1,0,0,0,0,0,0,0,0,0,0,0,0
0,0,1,0,0,0,0,0,0,0,0,0,0,0,0,1,0,0
0,0,0,0,0,0,0,0,0,0,0,0,0,0,0,1,0,1
0,1,0,0,0,0,0,0,0,0,0,0,0,0,0,1,0,0
0,1,0,0,0,0,0,0,0,0,0,0,0,1,0,1,0,1
0,0,0,0,0,0,0,0,0,0,0,0,0,1,0,1,0,0
0,0,0,0,0,1,0,0,0,1,0,0,0,0,0,1,0,1
1,1,0,0,0,0,0,0,0,0,0,0,0,0,0,0,0,0
0,0,0,0,0,0,0,0,1,0,0,1,0,0,0,0,0,0
0,0,1,0,0,0,0,0,0,0,0,0,0,0,0,1,0,0
0,1,0,1,0,1,1,0,0,0,1,0,0,0,1,1,0,0
1,0,0,0,0,0,0,0,1,0,0,0,0,0,0,0,0,0
0,0,0,0,0,0,0,0,0,0,0,0,0,1,0,1,0,0
0,1,0,0,0,0,0,0,0,0,0,0,1,0,0,0,0,0
0,0,1,0,0,0,0,0,0,0,0,0,0,0,0,1,0,0
0,0,0,0,0,1,0,1,1,0,0,0,0,0,1,1,0,0
0,1,0,0,0,0,0,0,1,0,0,0,0,0,0,0,0,1
0,0,0,0,0,0,0,0,0,0,1,0,0,0,0,1,0,0
0,1,0,0,0,1,0,0,0,0,0,0,0,0,0,1,0,0
0,1,0,0,0,0,0,0,0,0,0,0,0,0,0,1,0,0
0,0,0,0,1,0,0,0,0,0,0,0,0,0,0,1,0,0
0,0,0,0,0,0,0,0,0,1,0,0,0,0,0,0,0,1
0,0,0,0,0,0,1,1,0,0,1,0,1,0,0,0,0,0
1,0,0,0,0,0,0,1,0,0,0,0,0,0,0,0,0,0
0,0,0,0,0,0,0,0,1,0,0,0,0,0,0,0,1,0
0,0,0,1,0,0,0,0,0,0,0,0,1,0,0,1,0,0
0,0,0,1,0,0,0,0,1,0,0,0,0,0,0,0,0,0
0,1,0,0,0,0,0,0,0,0,0,0,0,0,0,0,0,1
0,0,0,0,0,0,0,0,1,0,0,1,0,0,0,0,0,0
0,1,0,0,0,0,0,0,0,0,1,0,0,0,0,0,0,0
0,1,0,0,0,0,0,0,0,0,0,0,0,0,0,0,1,0
0,1,1,0,0,0,0,0,0,0,0,0,1,0,0,0,0,0
0,0,0,0,0,0,0,0,0,1,0,0,0,1,0,0,0,0
1,0,1,0,0,0,0,0,0,0,0,0,1,0,0,1,0,0
0,1,0,0,0,0,1,0,0,0,0,0,0,0,0,0,0,0
0,0,0,0,0,0,0,0,0,1,0,0,0,0,0,0,0,1
0,0,0,0,1,0,0,1,0,0,0,0,0,0,0,0,0,0
1,0,0,1,0,0,0,0,0,0,0,0,0,0,0,0,0,0
0,0,0,0,0,0,0,0,1,0,0,0,0,1,0,1,0,0
0,0,0,0,0,0,0,0,0,0,0,1,0,0,0,1,0,0
0,0,0,0,0,0,0,0,1,0,0,1,0,0,0,0,0,0
0,1,0,0,1,0,0,0,0,0,0,0,0,0,0,0,0,0
0,1,0,0,0,0,0,0,0,0,0,0,0,0,0,0,0,1
0,1,1,0,0,0,0,1,0,0,0,0,0,0,1,0,0,0
0,0,1,0,0,0,0,0,0,0,0,0,0,0,1,1,0,0
0,0,1,0,0,0,0,0,1,0,0,0,0,0,0,1,0,0
0,0,0,0,0,0,0,0,0,0,0,0,0,0,0,1,0,0
0,0,1,0,0,0,0,0,0,1,0,0,0,0,1,0,0,0
1,0,0,0,0,0,0,0,0,0,0,0,0,0,0,0,0,0
1,1,0,0,0,0,0,0,0,0,0,0,0,1,0,0,0,0
0,1,0,0,0,0,0,0,0,0,0,1,0,0,0,0,0,0
0,0,0,0,0,0,0,0,0,1,0,0,0,1,0,0,0,0
0,1,0,1,1,0,1,1,1,0,1,1,0,1,0,1,1,1
0,0,0,0,0,0,0,0,1,0,0,0,0,1,0,1,0,0
0,0,0,0,0,0,1,0,0,0,0,0,0,0,0,0,0,0
0,0,0,0,0,0,0,0,0,0,0,0,0,0,0,1,1,0
1,1,0,0,0,0,0,0,0,0,0,0,0,0,1,0,0,1
0,1,1,0,0,0,0,0,0,0,0,0,0,0,0,0,0,0
0,0,0,0,0,0,0,0,0,1,0,0,0,0,0,0,1,0
0,1,0,0,0,0,0,0,0,0,0,0,0,0,1,0,0,0
0,0,0,0,0,0,0,0,0,0,0,0,0,0,0,1,1,0
0,0,0,0,0,0,0,1,0,0,0,0,0,0,0,1,0,0
1,1,1,1,1,0,0,0,0,0,0,1,1,0,0,1,0,0
0,0,0,0,0,0,0,0,0,0,0,0,0,0,0,1,0,1
0,1,0,0,0,0,0,0,0,0,0,0,1,0,0,0,0,0
0,0,1,0,0,0,0,0,0,0,0,0,0,0,0,1,0,0
0,0,0,0,0,0,0,0,0,0,0,0,0,1,0,1,0,0
0,0,0,0,0,0,0,0,0,0,0,0,0,1,0,1,0,0
0,0,0,0,0,0,0,1,0,0,0,1,0,0,0,0,0,0
0,1,0,0,0,0,0,1,0,0,0,0,0,1,0,0,0,0
0,0,0,0,0,0,0,0,1,0,0,0,0,0,1,0,0,0
0,1,0,0,0,0,0,0,0,0,0,0,0,0,0,0,0,0
1,1,1,1,0,1,0,1,0,1,0,0,0,1,0,1,1,1
0,0,0,0,0,1,0,0,0,1,0,0,0,0,0,0,0,0
0,0,0,0,0,0,0,0,0,0,0,0,0,0,1,1,0,1
0,0,0,0,0,1,0,0,0,0,0,0,0,0,0,1,0,0
0,1,0,0,0,0,0,0,1,0,0,0,0,0,0,0,0,0
0,0,0,0,1,0,0,0,0,0,0,0,0,0,0,1,0,0
0,0,0,0,0,0,1,0,1,0,0,0,0,0,0,0,0,0
0,0,0,0,1,0,0,0,0,1,0,0,0,0,0,0,0,0
0,0,0,1,1,1,0,0,0,1,0,0,1,1,0,1,0,0
0,0,0,1,0,0,0,0,0,0,0,0,0,0,0,0,0,0
0,0,1,0,0,0,0,0,0,0,0,0,0,0,0,1,0,0
0,0,1,0,0,0,0,0,0,0,0,0,0,0,0,1,0,0
0,1,1,0,0,0,0,0,0,0,0,0,0,0,0,0,0,0
0,0,0,0,0,1,0,0,0,1,0,0,0,0,0,0,0,0
0,0,0,0,1,1,1,0,1,0,0,0,0,0,1,1,1,0
0,1,0,0,0,0,0,0,0,0,0,0,0,0,1,0,0,0
0,1,0,0,0,0,0,0,0,0,0,0,0,0,0,0,0,1
0,1,0,0,0,0,0,0,0,0,0,0,0,0,1,0,0,0
0,0,0,0,0,0,1,0,1,0,0,1,0,0,1,0,0,0
0,0,0,0,0,0,0,0,0,0,0,0,0,0,0,1,0,1
0,0,0,0,0,1,0,0,0,0,0,0,0,0,0,1,0,0
0,0,1,0,0,0,0,0,0,1,0,1,1,1,0,1,1,0
0,0,1,0,0,0,0,0,0,1,0,0,0,0,0,0,0,0
0,0,0,0,0,0,0,0,0,0,0,1,0,0,0,1,0,1
0,0,0,0,0,0,0,0,0,1,0,0,0,0,0,0,0,1
0,0,0,0,0,1,0,0,0,0,0,0,0,0,0,1,0,0
0,0,0,0,0,0,0,0,0,0,0,0,0,1,0,1,0,0
0,0,0,0,1,0,0,0,1,0,0,0,0,0,0,0,0,0
0,0,0,0,0,0,0,1,0,1,0,0,0,0,0,0,0,0
0,1,1,0,0,0,1,1,0,0,1,0,1,0,0,1,1,0
0,1,1,0,0,0,0,0,0,0,0,0,0,0,0,0,0,0
0,1,0,0,0,0,0,0,0,0,0,0,0,1,0,0,0,0
0,0,0,0,0,0,0,0,0,1,0,0,0,0,1,0,0,0
0,1,0,0,0,0,0,0,0,0,0,0,0,1,0,0,0,0
0,1,0,1,0,1,1,0,1,1,0,1,0,1,0,0,0,0
0,0,0,0,0,0,0,1,0,0,0,0,0,0,0,0,0,0
0,1,1,0,0,0,0,0,0,0,0,0,0,0,0,0,0,0
0,1,1,0,0,0,0,0,0,0,0,0,0,0,0,0,0,0
0,0,0,0,0,0,0,0,0,0,0,0,1,0,0,1,0,0
0,0,0,0,0,0,0,0,0,1,0,0,0,1,1,1,0,0
0,0,0,0,1,0,0,0,0,0,0,0,0,0,0,1,0,0
0,1,0,0,0,0,0,0,0,0,1,0,0,0,0,0,0,0
0,1,0,0,0,0,0,0,1,0,0,0,0,0,0,0,0,0
1,1,0,0,1,0,0,0,1,0,0,0,0,0,0,0,0,0
0,1,0,0,0,0,1,0,0,0,0,0,0,0,0,0,0,0
0,0,0,0,1,0,1,0,0,1,0,0,0,0,0,0,0,0
0,0,1,0,0,0,0,0,0,0,0,0,0,0,0,1,0,0
0,0,0,0,0,0,0,0,0,0,0,0,0,0,0,1,0,1
0,1,0,0,0,0,0,0,0,0,0,0,0,0,1,0,0,0
0,1,0,0,0,0,0,0,0,0,0,1,0,0,0,0,0,0
0,0,0,0,0,0,0,0,0,0,0,0,0,0,0,1,0,1
0,0,0,0,0,0,0,0,1,0,0,0,0,0,0,0,1,0
1,1,0,0,0,1,0,0,0,0,0,0,0,0,1,0,0,0
1,0,0,0,0,0,0,1,0,0,0,0,0,0,0,1,0,0
0,0,0,0,0,0,0,0,1,0,0,0,0,0,1,0,0,0
0,0,0,0,1,0,0,0,0,0,0,0,0,0,0,0,0,0
0,0,0,0,1,0,0,0,0,0,0,0,0,0,0,0,0,0
0,0,0,0,1,0,0,0,0,0,0,0,0,0,0,0,0,0
0,0,0,0,1,0,0,0,0,0,0,0,0,0,0,0,0,0
0,0,0,0,1,0,0,0,0,0,0,0,0,0,0,0,0,0
0,0,0,0,1,0,0,0,0,0,0,0,0,0,0,0,0,0
0,0,0,0,1,0,0,0,0,0,0,0,0,0,0,0,0,0
0,1,1,0,0,0,1,0,1,0,0,0,0,0,0,0,0,0
1,0,0,0,0,0,0,0,0,0,0,0,0,0,0,1,0,0
0,1,1,0,0,0,0,0,0,0,0,0,0,0,0,1,0,0
1,0,1,0,0,0,0,0,0,1,0,0,0,0,0,0,0,0
1,0,0,0,0,0,0,0,1,0,0,0,0,0,0,0,0,0
0,1,0,0,0,0,0,0,0,0,1,0,0,0,0,0,0,0
0,1,1,0,1,0,0,0,0,0,0,0,0,0,0,0,0,0
0,0,0,0,1,0,0,0,0,0,0,0,0,0,0,0,0,0
0,0,0,0,1,0,0,0,0,0,0,0,0,0,0,0,0,0
0,0,0,0,1,0,0,0,0,0,0,0,0,0,0,0,0,0
0,0,0,0,1,0,0,0,0,0,0,0,0,0,0,0,0,0
0,0,0,0,1,0,0,0,0,0,0,0,0,0,0,0,0,0
0,0,0,0,0,0,0,0,0,1,0,0,0,0,0,0,0,1
0,0,0,0,0,0,1,0,1,0,0,0,0,0,0,0,0,0
0,0,0,0,0,0,0,1,0,0,0,0,0,0,0,1,0,0
0,0,0,0,0,0,0,0,1,1,0,0,0,0,0,0,0,1
0,1,0,0,0,0,0,0,0,0,0,0,0,1,0,0,0,0
0,0,1,0,0,0,0,0,0,1,0,0,0,0,0,0,0,0
0,0,0,0,1,0,0,0,0,1,0,0,0,0,0,0,0,0
0,0,0,0,1,0,0,0,0,0,0,0,0,0,0,0,0,0
0,0,0,0,1,0,0,0,0,0,0,0,0,0,0,0,0,0
1,0,0,0,0,0,0,0,0,0,0,0,0,0,1,0,0,0
0,0,0,0,0,0,0,0,0,1,0,0,0,0,0,0,0,1
0,0,0,1,0,0,0,0,0,0,1,0,0,0,0,0,0,0
0,0,1,0,0,0,0,0,0,1,0,0,0,0,0,0,1,0
0,1,0,1,0,0,0,0,0,0,0,0,0,0,0,0,0,0
0,0,0,0,0,0,1,0,0,0,1,0,0,0,0,0,0,0
0,0,0,0,1,0,0,0,1,0,0,0,0,0,0,0,0,0
0,0,0,0,1,0,0,0,0,0,0,0,0,0,0,0,0,0
0,0,0,0,1,0,0,0,0,0,0,0,0,0,0,0,0,0
0,0,0,0,1,0,0,0,0,0,0,0,0,0,0,0,0,0
0,1,0,0,0,1,0,0,0,1,0,0,0,0,0,0,0,0
1,0,0,0,0,0,0,0,0,0,0,0,0,0,0,1,0,1
1,0,0,0,0,0,0,0,1,0,0,0,0,0,0,0,0,0
0,0,0,0,0,0,0,0,1,0,0,0,0,0,0,0,0,0
0,0,0,0,0,0,0,1,1,0,0,0,0,0,0,0,0,0
0,0,0,0,1,0,0,0,0,0,0,0,0,0,0,0,1,0
0,0,0,0,1,0,0,0,0,0,0,0,0,0,0,0,0,0
0,0,0,0,1,0,0,0,0,0,0,0,0,0,0,0,0,0
0,0,0,0,1,0,0,0,1,0,0,0,0,0,0,0,0,0
0,0,0,0,1,0,0,0,0,0,0,0,0,0,0,0,0,0
0,0,0,0,1,0,0,0,0,0,0,0,0,0,0,0,0,0
0,1,0,0,0,1,0,0,0,0,0,0,0,0,0,0,0,0
0,1,0,0,0,0,0,1,0,0,0,0,0,0,0,0,0,0
0,1,0,0,0,0,0,0,0,0,0,1,0,0,0,0,0,0
0,0,0,0,1,0,0,0,0,0,0,0,1,0,0,0,0,0
0,0,0,0,1,0,0,0,0,0,0,0,0,0,0,0,0,0
0,0,0,0,1,0,0,0,0,0,0,0,0,0,0,0,0,0
0,0,0,0,1,0,0,0,0,0,0,0,0,0,0,0,0,0
0,1,1,0,0,0,0,0,0,0,0,0,0,0,0,0,0,0
0,0,0,0,1,0,0,0,0,0,0,0,0,0,1,0,0,0
0,1,0,0,0,0,0,0,0,1,0,0,0,0,0,0,0,0
1,1,0,0,0,0,0,0,0,0,0,0,0,0,0,0,0,0
0,1,0,0,0,0,0,0,0,0,0,1,0,0,0,0,0,0
0,0,0,1,0,0,0,0,1,0,0,0,0,0,0,0,0,0
0,0,0,0,0,0,1,0,1,0,0,0,0,0,0,0,0,0
0,0,0,0,1,0,0,0,0,0,0,0,0,0,0,0,0,0
0,0,0,0,1,0,0,0,0,0,0,0,0,0,0,0,0,0
0,0,0,0,1,0,0,0,0,0,0,0,0,0,0,0,0,0
0,0,0,0,1,0,0,0,0,0,0,0,0,0,0,0,0,0
0,0,0,0,0,0,0,0,0,0,1,0,0,1,0,1,0,1
0,0,1,0,0,0,0,0,0,0,0,0,0,0,0,1,0,0
0,1,0,0,0,0,0,0,0,0,0,0,0,0,1,0,0,1
1,0,0,0,0,0,0,0,0,0,0,0,0,0,0,1,0,0
0,0,0,0,1,1,0,0,0,0,0,0,0,0,0,1,0,0
0,0,0,0,0,0,1,0,0,0,0,0,0,1,0,1,0,0
0,0,0,0,0,0,0,0,0,1,1,0,0,0,0,0,0,0
0,0,0,1,0,0,1,0,0,0,0,0,1,0,0,1,0,0
0,1,0,0,0,0,0,0,0,0,0,0,1,0,0,1,1,0
0,0,0,0,1,0,0,0,0,0,0,0,0,0,0,0,1,0
0,0,0,0,1,0,0,0,1,0,0,0,0,0,1,0,0,0
0,0,0,0,1,0,0,0,0,0,0,0,0,0,0,0,0,0
0,0,0,0,0,0,0,0,0,1,0,0,0,0,0,0,0,1
1,0,0,0,0,0,0,0,1,0,1,0,0,0,0,0,0,0
0,1,0,0,1,0,0,0,0,0,0,0,0,0,0,0,0,0
0,0,0,0,0,0,0,0,1,0,0,0,0,0,0,0,0,0
0,1,0,0,0,0,0,0,0,0,0,1,0,0,0,0,0,0
1,1,1,0,1,1,1,1,1,1,0,1,0,1,0,1,0,0
0,0,1,0,0,0,0,0,0,0,0,0,0,0,0,1,0,0
0,0,0,0,0,1,0,0,0,1,0,0,0,0,0,0,0,0
1,1,0,0,0,0,0,0,0,0,0,1,0,0,0,0,0,0
0,0,1,0,1,0,0,1,1,0,0,0,0,0,0,1,1,0
0,1,1,0,0,0,0,0,0,0,0,0,0,0,0,0,0,0
0,0,0,0,0,0,0,0,1,0,0,1,0,0,0,0,0,0
0,0,0,0,0,0,0,0,0,0,0,1,1,0,0,1,0,0
0,0,0,0,0,0,0,1,0,1,0,0,0,0,0,0,0,0
0,0,0,0,0,0,0,1,0,0,0,0,0,0,0,1,0,0
0,0,1,1,0,0,1,1,1,0,1,0,1,0,0,1,0,1
0,0,0,0,0,0,0,0,1,0,1,0,0,0,0,0,0,0
0,0,1,0,0,0,1,0,0,1,0,0,0,0,0,0,0,0
0,0,0,0,0,0,1,0,0,0,0,0,0,0,0,1,0,0
0,1,0,0,0,0,0,1,0,0,0,0,0,0,0,0,0,0
1,1,0,0,1,0,1,0,1,0,1,0,0,1,0,0,0,0
0,1,0,0,0,0,0,0,0,0,0,0,0,1,0,0,0,0
0,0,0,0,1,0,0,0,1,0,0,0,0,0,0,0,0,0
0,1,0,0,0,0,0,0,1,0,0,0,0,0,0,0,0,0
0,0,0,0,1,0,0,0,0,0,0,0,0,0,0,0,1,0
1,0,0,0,0,0,0,0,0,1,0,0,0,0,0,0,0,0
0,0,0,0,1,0,1,1,1,1,1,1,1,1,0,1,0,0
0,0,0,0,0,0,1,0,0,1,0,0,0,0,0,0,0,0
0,0,0,0,0,0,0,0,0,0,0,0,0,0,1,0,0,0
0,1,0,0,0,1,0,0,0,0,0,0,0,0,0,0,0,0
0,0,1,0,0,0,0,0,0,0,0,0,0,0,0,1,0,0
0,0,0,0,0,0,0,0,0,1,0,0,0,0,1,0,0,0
1,1,0,0,1,1,0,0,1,1,1,0,0,0,0,1,0,1
0,1,0,0,0,0,0,0,0,0,0,0,0,1,0,0,0,0
0,1,1,0,0,0,0,0,0,0,0,0,0,0,0,0,0,0
0,0,0,0,1,0,0,0,1,0,0,0,0,0,0,0,0,0
0,0,0,0,0,0,0,0,0,1,0,0,0,0,0,0,0,1
0,1,0,0,0,0,0,0,0,0,0,0,0,0,0,1,0,0
0,1,0,0,0,0,0,0,0,0,0,0,0,0,0,0,1,0
0,0,0,0,0,0,0,0,0,1,0,0,0,0,0,1,0,0
0,1,0,0,0,0,0,0,0,0,0,0,0,0,0,0,1,0
1,1,0,0,0,1,0,1,1,0,0,0,1,1,0,1,0,0
0,1,0,0,0,0,0,0,0,0,0,0,0,1,0,0,0,0
0,0,0,0,0,0,0,0,0,1,0,0,0,0,0,0,0,1
0,1,0,1,0,0,0,0,0,0,0,0,0,0,0,1,0,0
1,1,0,0,1,0,0,1,1,0,0,1,0,1,0,1,0,1
0,0,0,0,0,1,0,0,0,0,0,0,0,0,0,1,0,0
0,1,1,0,0,0,0,0,0,0,0,0,0,0,0,0,0,0
1,0,0,0,0,0,0,0,1,0,0,0,0,0,0,0,0,0
0,1,1,0,1,0,1,0,1,0,1,0,0,0,0,0,0,0
0,1,0,1,0,0,1,1,1,1,0,0,0,1,0,1,1,1
0,0,0,0,0,0,0,0,0,0,0,0,0,0,0,1,0,1
0,0,0,0,0,0,0,0,0,0,1,0,0,1,0,1,0,0
0,0,0,0,0,0,0,0,1,0,0,0,0,0,0,1,0,0
0,0,0,0,0,0,0,0,0,0,0,1,0,0,0,1,0,0
0,1,0,0,0,0,0,0,0,0,0,1,0,0,0,0,0,0
0,0,0,0,0,1,0,0,0,0,0,0,0,0,0,1,0,0
0,1,0,0,0,0,0,0,0,0,0,0,0,0,0,0,0,1
0,0,0,1,1,0,0,0,1,1,0,0,1,0,1,0,0,1
0,0,0,0,0,0,0,0,0,1,0,0,0,1,0,0,0,0
0,0,1,0,0,0,0,0,0,0,0,0,0,0,0,1,0,0
1,1,0,1,0,0,1,1,0,1,0,0,0,1,0,1,0,1
0,1,0,0,0,1,0,0,0,0,0,0,0,0,0,0,0,0
0,1,0,0,0,0,0,0,1,0,0,0,0,0,0,0,0,0
0,0,0,0,0,0,0,0,1,0,0,0,0,0,0,0,0,0
0,1,0,0,0,1,0,1,0,0,1,0,1,0,1,1,1,1
0,0,0,0,0,0,0,0,0,0,0,1,1,0,0,0,0,0
0,0,0,0,0,0,0,0,0,1,0,0,0,1,0,0,0,0
0,0,0,0,0,0,0,0,1,0,0,1,0,0,0,0,0,0
0,0,0,0,0,0,0,0,1,1,0,0,0,0,0,0,0,0
0,0,0,0,0,0,0,0,0,1,1,0,0,0,0,0,0,0
0,1,1,1,1,0,1,0,0,0,0,0,1,1,1,1,0,1
0,1,1,0,0,0,0,0,0,0,0,0,0,0,0,0,0,0
0,0,1,0,0,0,0,0,0,1,0,0,0,0,0,0,0,0
0,1,1,0,1,0,0,1,1,0,0,0,0,0,0,0,0,0
0,0,0,0,0,0,0,0,0,0,0,0,0,0,0,1,1,0
0,0,0,0,0,0,0,0,0,0,0,0,0,0,0,0,1,0
0,0,0,0,1,0,0,0,1,0,0,0,0,0,0,0,0,0
0,0,1,0,0,0,0,0,0,0,0,0,0,0,0,1,0,0
0,0,0,0,0,0,0,0,0,1,0,0,0,0,1,0,0,0
0,0,0,0,1,0,0,1,1,0,1,0,0,0,1,1,0,0
0,0,0,0,0,0,0,0,0,0,0,0,0,1,0,1,0,0
0,0,0,1,0,0,0,0,0,0,0,0,0,0,0,1,0,0
0,1,0,1,0,1,0,1,0,0,0,0,0,1,1,0,0,0
0,0,0,0,0,0,0,1,0,0,0,0,0,1,0,1,0,0
0,0,0,0,0,0,1,1,1,1,0,0,0,1,1,1,1,1
0,0,0,0,0,0,0,0,0,0,0,0,1,0,0,1,0,0
0,0,0,0,0,0,1,0,1,0,0,0,0,0,0,0,0,0
0,0,0,0,0,0,0,0,0,1,0,0,0,0,0,0,0,1
1,1,0,0,1,1,0,1,1,0,0,1,1,0,0,1,1,0
0,1,0,0,0,1,0,0,0,0,1,0,0,0,0,0,0,0
0,1,0,0,0,1,0,0,0,0,0,0,0,0,0,0,0,0
0,0,0,0,0,1,0,0,0,0,0,1,0,0,0,1,0,0
1,1,1,0,1,0,0,0,1,1,1,1,0,0,0,0,0,1
0,0,0,0,0,0,0,0,0,1,0,0,0,1,0,0,0,0
0,0,0,0,0,0,0,0,0,1,0,0,0,1,0,0,0,0
0,1,0,0,0,1,0,0,0,0,0,0,0,0,0,0,0,0
0,1,0,0,0,0,0,0,1,1,1,0,0,1,0,1,0,0
0,0,0,1,0,0,0,0,0,1,1,0,1,1,0,1,0,0
0,0,1,0,1,0,0,0,1,0,0,0,0,0,1,1,0,1
0,0,0,0,0,0,0,0,1,0,0,0,0,0,0,0,0,0
1,0,0,0,1,0,0,0,1,1,0,0,1,0,0,1,0,1
0,1,0,0,0,0,0,0,0,0,0,0,0,0,0,0,0,1
0,1,0,0,0,0,0,0,0,0,0,0,0,0,0,0,0,1
0,0,0,0,1,0,0,0,0,1,0,0,0,0,0,0,0,0
0,1,0,0,1,0,1,0,0,0,1,0,0,0,0,0,0,1
0,1,0,0,0,0,0,0,0,0,0,0,0,0,0,0,0,1
0,1,0,0,0,0,1,0,0,0,0,0,0,0,0,0,0,0
0,0,0,0,0,0,0,0,0,0,0,0,1,0,0,1,0,0
1,0,0,0,0,0,0,0,1,0,0,0,0,0,0,0,0,0
0,1,0,0,0,1,1,1,1,0,0,1,1,0,0,1,1,1
0,1,0,0,0,0,0,0,0,0,0,0,1,0,0,0,0,0
0,1,0,0,0,0,0,0,0,0,0,0,0,0,0,0,0,1
0,1,0,0,0,0,0,0,0,0,0,0,0,0,0,1,0,0
0,0,0,0,0,0,0,0,1,0,0,0,0,0,0,0,0,0
0,0,0,0,1,0,0,0,1,0,0,0,0,0,0,0,0,0
0,0,0,0,0,0,0,0,0,0,0,0,0,0,0,1,1,0
0,1,0,1,0,0,0,1,0,0,0,1,1,0,0,1,0,1
0,0,0,0,0,0,1,0,0,0,0,0,0,0,0,1,0,1
0,1,0,0,0,1,0,0,0,0,1,0,0,0,0,0,0,0
0,0,0,1,0,0,0,0,1,0,0,0,0,0,0,0,0,0
0,0,0,0,0,0,0,0,1,0,0,0,0,0,1,0,0,0
0,0,0,0,0,0,0,0,1,0,0,1,0,0,0,0,0,0
0,0,1,0,1,0,0,0,0,0,0,1,0,1,0,1,1,0
0,1,0,0,0,1,0,0,0,0,0,1,0,0,0,0,0,0
0,0,1,0,0,0,0,0,1,1,0,0,0,0,0,1,0,0
0,1,0,0,0,0,0,0,0,0,0,0,0,0,0,0,0,1
0,0,0,0,0,0,0,0,0,0,0,0,0,0,0,1,0,1
0,0,0,0,0,0,0,0,0,0,0,0,0,0,0,1,0,0
0,1,0,0,0,0,1,0,0,0,1,1,1,1,1,0,0,0
0,0,0,0,0,0,0,0,1,0,0,0,1,0,0,0,0,0
0,0,0,0,0,0,0,0,0,1,0,0,1,0,0,0,0,0
0,0,0,0,0,0,1,0,0,0,0,0,0,0,0,1,0,0
0,1,0,0,0,0,0,0,1,0,0,0,0,0,1,0,0,0
1,1,1,1,1,0,1,1,1,0,1,0,1,0,0,0,0,0
1,0,1,0,0,0,1,0,0,0,0,0,1,0,1,1,0,0
0,1,1,0,0,0,0,0,0,0,0,0,0,1,0,0,0,1
0,0,0,0,0,0,0,1,0,0,0,0,0,0,0,1,0,0
0,0,0,0,0,0,1,0,0,1,0,0,0,0,0,0,0,0
0,0,0,0,0,0,0,1,0,1,0,0,0,0,0,0,0,0
0,0,0,0,0,0,0,0,1,1,0,0,0,0,0,0,0,0
0,0,0,1,1,0,0,0,1,0,1,1,0,0,0,1,0,0
0,0,0,0,0,0,0,0,0,0,0,0,0,0,0,1,0,1
0,1,1,0,0,0,0,0,0,0,0,0,0,0,0,0,0,0
0,0,0,0,0,0,0,0,0,0,0,0,0,0,1,1,0,0
0,0,0,0,0,0,1,0,1,0,0,0,0,0,0,0,0,0
0,1,0,1,0,0,0,0,0,0,0,0,0,0,0,0,0,0
1,1,0,1,0,0,0,1,1,1,0,0,1,0,0,0,0,1
0,0,0,0,0,0,0,1,0,0,0,0,0,0,0,1,0,0
0,1,0,0,0,0,0,0,0,0,0,0,0,1,0,0,0,0
0,0,0,0,0,0,0,0,0,0,0,0,0,0,0,1,0,1
0,0,0,0,0,0,0,0,0,0,0,0,0,1,0,1,0,0
0,0,0,0,0,0,0,0,0,0,0,1,0,0,0,1,0,0
0,0,0,0,0,0,1,0,0,0,0,0,0,0,0,1,0,0
0,1,0,0,0,0,0,0,0,1,0,0,0,0,0,0,0,0
0,1,1,1,0,1,0,0,1,1,0,0,1,1,0,0,0,0
0,0,0,0,0,0,0,0,0,0,0,0,0,0,0,1,0,1
0,1,0,0,0,0,0,0,0,0,0,0,0,0,1,0,0,0
0,0,0,1,0,0,0,0,1,0,0,0,0,0,0,0,0,0
0,0,1,0,0,0,0,0,0,1,0,0,0,0,0,1,0,0
0,0,0,0,0,0,0,0,0,1,1,0,0,0,0,0,0,0
0,1,0,0,1,1,0,0,0,0,0,0,1,1,1,1,0,0
0,0,0,0,0,0,0,1,0,0,0,0,0,0,0,0,0,0
0,1,0,0,0,1,1,0,1,1,0,1,0,0,0,0,0,1
0,1,0,0,0,0,0,0,0,0,0,0,0,1,0,0,0,0
0,0,0,0,0,1,0,0,0,0,0,0,0,0,0,1,0,0
0,1,0,0,0,0,1,1,0,0,0,0,0,1,0,1,0,0
0,0,0,0,0,0,1,0,0,0,0,0,0,0,0,1,0,0
0,0,1,1,0,0,0,0,1,1,1,0,0,0,0,0,0,0
0,1,0,0,0,1,0,0,0,0,0,0,0,0,0,0,0,0
0,1,0,0,0,0,0,0,0,0,0,0,0,0,0,0,0,1
0,1,0,1,0,0,0,0,0,0,0,0,0,1,0,1,1,1
0,0,0,0,0,0,0,0,0,0,0,0,0,0,1,1,0,0
0,0,1,0,0,0,0,0,0,1,0,0,0,0,0,0,0,0
0,1,0,0,0,1,0,0,0,0,0,0,0,0,0,0,0,0
0,0,0,0,0,1,0,0,0,1,0,0,0,0,0,0,1,0
0,0,0,1,0,0,0,0,1,0,0,0,0,0,0,0,0,0
1,0,1,1,0,0,0,1,1,0,0,0,1,0,0,1,1,0
0,0,0,0,0,0,0,0,0,1,0,0,0,0,0,0,0,0
1,0,0,0,0,0,0,0,0,0,0,0,0,0,0,1,0,0
0,0,0,0,0,0,0,1,0,0,0,0,0,0,0,1,0,0
0,1,0,0,0,0,0,0,1,0,0,0,0,0,1,0,1,1
0,1,0,0,0,0,1,0,0,0,0,0,0,0,0,0,0,1
0,1,1,0,0,0,0,0,0,0,0,0,0,0,0,0,0,0
0,1,0,0,0,0,0,0,0,0,0,0,0,0,0,0,0,0
0,0,1,0,0,0,0,1,1,0,1,0,0,0,0,1,0,1
0,1,1,0,0,0,0,0,0,0,0,0,0,0,0,0,0,0
0,0,0,0,0,0,0,0,0,0,1,0,0,0,0,1,0,0
0,0,0,0,0,0,1,0,0,1,0,0,0,0,0,0,0,0
1,1,0,0,0,0,1,1,0,0,0,0,0,0,0,1,0,1
0,0,0,0,0,0,0,0,0,0,0,0,0,1,0,1,0,0
0,0,0,0,0,0,0,0,0,1,0,0,0,0,0,0,0,1
0,0,0,0,0,0,0,0,1,0,0,0,0,0,0,0,1,0
0,1,1,0,0,1,0,0,1,1,1,1,1,1,0,0,0,0
0,0,0,0,0,0,0,0,0,0,1,1,0,0,0,0,0,0
0,0,0,0,0,0,0,0,0,0,0,0,0,1,0,1,0,0
0,1,0,0,0,0,0,0,0,0,0,0,0,0,0,0,1,0
0,1,0,1,1,0,0,0,1,0,1,0,1,1,1,1,0,0
0,0,1,0,0,0,0,0,0,0,0,0,0,0,1,1,0,0
0,1,0,0,0,1,0,0,1,0,1,0,0,0,1,1,1,0
0,0,0,0,0,0,0,0,0,0,0,0,1,0,0,0,0,0
0,0,1,0,0,0,0,0,1,1,0,0,1,1,0,1,0,1
0,1,0,0,0,0,0,0,0,0,0,0,0,1,0,0,0,0
0,0,0,0,0,0,0,0,0,1,0,0,0,1,0,0,0,0
0,0,0,1,0,0,0,0,0,0,0,0,0,0,0,0,0,0
0,0,0,0,0,0,0,0,0,0,0,0,0,1,0,1,0,0
0,0,0,0,0,0,0,0,1,0,0,0,0,0,0,0,1,0
0,1,0,0,0,0,0,0,0,0,0,0,1,0,0,0,0,0
1,1,1,0,0,1,1,0,1,1,0,1,0,1,0,1,1,1
0,1,0,0,0,0,0,0,0,0,0,0,0,0,0,0,0,1
0,0,0,0,0,1,0,0,0,0,0,0,0,0,0,1,0,0
0,0,0,0,0,1,0,0,1,0,0,1,0,0,0,1,1,0
0,1,0,0,0,0,0,0,0,0,0,0,0,0,0,0,0,0
0,0,0,1,0,0,0,0,1,0,0,1,1,0,0,0,1,0
0,0,0,0,0,0,0,0,0,1,0,0,0,0,0,0,0,1
0,0,0,0,1,1,0,0,0,1,0,1,0,0,0,1,0,0
0,0,0,0,0,0,0,0,0,0,0,1,0,0,0,0,0,0
0,0,0,0,0,0,0,0,0,0,0,0,0,0,0,1,1,0
0,1,0,0,0,1,0,0,0,0,0,0,0,0,0,0,0,0
0,1,0,0,0,0,0,0,0,0,0,0,0,1,0,0,0,0
0,1,0,1,0,0,1,0,1,0,0,0,0,1,1,0,1,0
0,0,0,0,0,0,0,0,0,1,0,0,0,0,0,0,0,1
0,0,1,0,0,0,0,0,0,0,0,0,0,0,0,1,0,0
0,1,0,0,0,0,0,0,0,0,0,0,0,0,0,0,0,1
1,0,0,0,0,0,1,1,1,1,0,0,0,0,1,0,0,0
0,1,0,0,0,1,0,0,0,0,0,0,0,0,0,0,0,0
0,0,0,0,0,1,0,0,0,0,0,1,0,0,0,1,0,0
1,0,1,0,1,0,0,1,1,0,0,1,0,1,1,1,1,0
0,1,0,0,0,1,0,0,0,0,0,0,0,0,0,0,0,0
0,1,0,0,0,0,1,0,1,1,0,0,1,1,0,0,1,0
0,0,1,0,0,0,0,0,0,0,0,0,0,0,0,1,0,0
0,0,0,1,1,1,1,0,1,1,0,1,1,0,1,1,0,0
0,0,0,1,1,0,0,0,0,0,0,0,0,0,1,0,1,0
0,1,1,0,0,0,0,0,1,1,1,0,0,1,0,1,0,1
0,0,1,0,0,0,0,0,0,0,0,0,0,0,0,1,0,0
0,1,0,0,0,0,0,0,1,1,0,0,1,0,0,1,1,1
0,0,0,0,0,1,0,0,0,0,0,0,0,0,0,1,0,0
0,0,0,1,0,0,0,0,1,0,0,0,0,0,0,0,0,0
0,0,0,0,0,0,0,0,0,1,0,0,0,1,0,0,0,0
0,0,0,0,0,0,0,0,0,1,1,0,0,0,0,0,0,0
1,1,1,0,0,0,0,1,1,0,0,1,0,0,1,1,1,1
0,1,1,0,1,0,0,0,1,0,1,1,0,0,0,1,0,0
0,0,0,0,0,0,0,0,0,0,0,0,0,0,0,1,0,1
0,1,0,0,0,0,0,1,0,0,0,0,0,0,0,0,0,1
1,1,0,0,0,1,1,1,1,0,0,1,0,1,0,1,0,1
0,0,0,0,0,1,0,0,0,0,0,0,0,0,0,1,0,0
0,0,0,0,0,1,0,0,0,0,1,0,1,0,0,1,0,0
0,1,0,0,0,1,0,0,0,0,0,0,0,0,0,0,0,0
1,0,0,1,0,1,0,0,0,0,1,1,0,0,0,1,0,0
0,1,1,1,1,1,0,0,1,0,0,0,1,0,0,1,0,0
0,1,1,0,0,0,1,0,0,0,0,0,0,0,0,0,0,0
0,0,1,0,0,0,0,0,0,0,0,0,0,0,0,1,0,0
0,1,1,0,1,0,1,0,1,0,0,1,0,0,1,0,0,0
0,0,0,1,0,0,0,1,1,0,0,1,0,0,1,0,1,0
0,0,0,0,0,0,0,0,1,0,1,0,0,0,0,0,0,0
0,0,0,0,1,0,0,1,1,0,0,0,0,0,1,1,0,0
0,0,0,0,0,0,0,0,0,0,0,0,0,0,0,1,0,1
0,1,1,0,0,1,0,0,0,0,1,0,1,1,1,1,1,0
0,0,0,0,0,1,0,0,0,0,0,0,0,0,0,1,0,0
0,0,0,0,0,0,0,0,0,0,0,0,0,0,0,1,0,1
0,0,0,0,0,0,0,0,0,0,0,0,0,0,0,1,0,1
0,1,0,0,0,0,0,0,0,0,0,0,0,0,0,0,0,1
0,0,0,0,1,1,0,0,1,1,1,0,0,1,0,1,0,0
0,1,0,0,0,1,1,0,1,1,1,1,0,0,0,1,1,0
1,1,0,0,1,1,0,0,1,0,0,0,1,0,0,1,1,0
0,1,0,0,0,1,0,0,0,0,0,0,0,0,0,0,0,0
0,1,0,0,1,0,0,0,0,0,0,0,0,0,0,0,0,0
1,1,1,1,1,1,1,0,0,0,1,0,0,0,0,1,0,1
0,0,0,1,0,0,0,0,0,1,0,0,0,0,0,0,0,1
0,1,0,0,0,0,0,0,0,0,0,0,0,0,1,0,0,0
0,1,0,0,0,0,1,1,0,0,0,0,0,0,1,0,0,0
1,0,0,1,1,0,0,0,1,0,0,0,0,0,1,0,1,0
0,1,0,0,0,0,1,0,0,0,0,0,0,1,0,0,0,0
0,1,1,0,0,1,0,0,1,1,1,0,1,0,0,1,0,0
0,0,0,0,0,0,0,1,0,0,0,1,0,0,0,0,0,0
0,0,1,0,0,0,0,0,0,0,0,0,0,0,0,1,0,0
1,1,0,0,1,0,0,0,1,0,1,1,0,0,0,1,0,0
0,0,0,0,0,0,0,0,1,0,0,0,1,0,0,0,0,0
0,0,0,0,0,0,1,0,1,0,0,0,0,0,0,0,0,0
0,1,0,0,0,1,0,0,0,0,0,0,0,0,0,0,0,0
0,1,0,1,0,1,1,1,1,0,0,1,1,1,0,0,0,1
0,0,0,0,0,0,0,0,0,0,0,1,0,0,0,1,0,0
1,1,1,0,0,0,1,0,0,0,1,0,0,0,1,1,0,1
0,0,0,0,0,0,1,0,0,1,0,0,0,1,0,0,0,0
0,0,0,0,0,0,0,0,0,0,0,0,0,0,0,1,0,1
0,1,0,0,0,0,0,0,0,0,0,0,0,0,1,0,0,1
0,0,1,0,0,0,0,0,0,1,0,0,0,0,0,0,0,0
1,1,1,1,1,1,1,0,1,1,0,1,0,0,0,0,1,0
0,0,0,0,0,1,0,0,0,0,0,0,1,0,0,1,0,0
0,1,0,1,1,1,1,0,0,1,0,0,0,0,1,1,0,1
0,1,0,0,0,0,0,0,0,0,0,0,0,0,0,0,0,1
0,0,0,1,1,0,1,1,0,0,1,0,0,0,1,1,0,0
0,0,0,0,0,1,0,0,0,1,0,0,0,0,0,0,0,0
0,1,0,0,1,0,0,1,1,0,0,0,1,1,0,1,1,0
0,0,0,0,0,0,0,0,0,0,0,0,0,1,0,1,0,0
0,1,0,1,1,0,1,1,0,0,0,0,0,0,0,1,0,0
0,0,0,0,0,0,0,0,0,0,0,0,0,0,0,1,0,1
0,1,1,1,0,1,1,0,1,1,0,0,0,1,1,1,0,0
0,0,0,0,0,0,0,0,0,1,0,0,0,0,0,0,0,1
0,0,1,0,0,0,0,0,0,0,0,0,0,0,0,1,0,0
0,0,0,0,0,0,0,0,1,0,0,1,0,0,0,0,0,0
0,1,0,0,0,1,0,0,0,0,0,0,0,0,0,0,0,0
1,0,0,0,1,0,0,0,1,0,1,1,1,0,0,0,0,0
0,0,0,0,0,0,0,0,0,1,0,0,0,0,0,0,0,1
0,0,1,0,0,0,0,0,0,0,0,0,0,0,0,1,0,0
0,0,0,0,0,1,0,0,0,0,0,0,1,0,0,1,0,0
0,0,0,0,0,0,0,0,0,1,0,1,0,0,0,0,0,1
0,0,0,0,0,1,0,0,0,0,0,0,0,0,0,1,0,0
1,1,0,0,0,0,0,0,0,0,0,0,0,0,0,0,0,0
1,1,0,1,1,1,0,1,1,1,0,1,1,0,0,1,0,1
0,0,0,0,0,0,0,1,1,0,0,0,0,0,0,0,0,0
0,0,0,0,0,1,0,1,0,0,0,0,0,0,0,1,0,0
0,1,0,0,0,1,0,0,1,1,0,0,0,0,1,1,1,0
0,0,0,0,0,0,0,0,0,0,0,0,0,0,1,0,0,0
0,1,0,1,0,0,0,0,0,0,0,0,0,0,0,0,0,0
1,0,0,0,0,1,0,0,1,1,1,0,0,0,1,0,1,0
0,0,0,0,0,0,0,0,0,1,0,0,0,0,0,0,0,1
0,1,1,0,0,0,0,0,0,0,0,0,0,0,0,0,0,0
0,0,0,0,1,0,0,0,1,0,0,0,0,0,0,0,0,0
0,0,0,0,0,0,0,0,0,0,0,1,0,0,0,1,0,0
1,1,1,0,0,0,0,0,0,0,0,0,0,0,1,1,0,1
0,0,1,0,0,0,0,0,0,1,0,0,0,0,0,0,0,0
0,1,1,1,1,1,1,1,1,0,0,1,0,0,1,1,0,0
0,1,1,0,0,0,0,0,0,0,0,0,0,0,0,0,0,0
0,0,0,0,0,0,0,0,1,0,0,0,1,0,0,0,0,0
0,1,0,0,0,0,0,0,0,0,0,0,0,0,1,0,0,0
0,1,1,0,1,0,1,0,1,0,0,1,0,0,0,1,1,0
0,1,0,0,0,1,0,0,0,0,0,0,0,0,0,0,0,0
0,0,0,0,0,0,0,0,0,0,0,0,0,0,1,1,0,0
0,1,1,0,0,0,0,0,0,0,0,0,0,0,0,0,0,0
0,0,0,0,0,0,1,0,1,0,0,0,0,0,0,0,0,0
1,0,0,1,0,0,1,0,1,0,1,0,0,0,0,1,1,0
0,0,0,0,0,0,0,0,1,0,0,1,0,0,0,0,0,0
0,1,0,0,0,0,0,0,0,0,0,0,0,0,0,0,0,1
0,0,0,0,0,1,0,0,0,1,0,0,0,0,0,0,0,0
0,1,0,0,0,0,0,1,0,0,0,0,0,0,0,0,0,0
0,0,0,0,0,0,1,0,1,0,0,0,0,0,0,0,0,0
1,1,1,1,1,1,0,0,1,1,1,0,0,0,0,1,1,1
0,0,1,0,0,0,0,0,0,0,0,0,0,0,0,1,0,0
0,0,0,0,0,1,0,0,0,1,0,0,0,0,0,0,0,0
1,1,1,0,0,0,0,0,1,0,0,0,0,0,0,1,0,1
0,0,1,0,1,0,0,0,0,1,0,0,0,0,0,0,0,0
0,0,1,1,0,0,0,0,0,0,0,0,0,0,0,1,0,0
0,0,0,1,0,0,0,0,0,0,0,0,0,0,0,1,1,1
1,1,1,0,0,0,0,0,1,0,1,0,0,0,1,1,0,1
0,0,0,0,0,0,0,0,0,0,0,0,0,0,1,0,0,0
0,0,0,1,0,0,0,0,0,1,0,0,0,0,0,0,0,0
0,1,0,1,1,0,0,0,1,0,0,0,1,0,0,1,1,0
0,0,0,0,0,0,0,0,0,0,0,0,0,0,0,1,1,1
0,1,0,1,1,1,1,0,1,0,1,1,1,1,0,1,0,1
0,0,0,0,0,0,0,0,0,0,0,0,0,0,1,0,0,0
0,1,0,1,0,0,0,1,0,0,0,0,0,1,0,1,1,0
0,1,0,0,0,0,1,1,0,1,0,1,0,0,0,1,1,0
0,1,0,0,0,0,0,0,0,0,0,0,0,1,0,0,0,0
1,0,0,0,0,0,1,0,1,0,1,1,1,0,0,0,0,0
0,0,1,0,0,0,0,0,0,0,0,0,0,0,0,1,0,0
0,1,0,0,0,1,0,0,0,0,0,0,0,0,0,0,0,0
0,0,1,0,0,0,0,0,0,1,0,0,0,0,0,0,0,0
0,1,0,0,0,1,0,0,0,0,0,0,0,1,1,1,1,1
0,1,0,0,0,0,0,0,0,0,0,0,0,1,0,0,0,0
0,1,0,0,0,0,0,0,0,0,1,0,0,0,0,0,0,1
0,0,0,0,0,0,0,0,0,0,0,0,0,1,0,1,0,0
0,1,0,0,0,0,0,0,0,0,0,0,0,0,0,0,0,1
1,1,1,0,1,1,0,0,1,0,0,0,0,1,0,1,1,0
0,1,0,0,0,0,0,0,0,0,0,0,1,1,0,0,0,0
0,1,0,0,0,0,0,0,0,0,0,0,0,0,0,0,0,1
0,1,0,0,0,0,0,0,0,0,0,0,0,0,1,0,0,0
1,1,0,1,1,1,0,0,1,0,0,0,0,0,0,1,0,1
0,0,0,0,0,0,0,0,1,0,1,0,0,0,0,0,0,0
0,0,0,1,0,1,1,1,1,0,0,0,1,0,0,1,1,0
0,1,0,0,0,0,0,0,0,0,0,0,0,0,1,0,0,0
1,1,0,0,0,1,1,0,0,0,0,1,0,0,1,0,0,0
0,0,0,0,0,0,0,0,0,0,0,0,0,0,0,1,0,1
0,1,0,1,0,1,1,0,1,0,1,1,0,1,1,1,0,0
1,1,1,0,0,1,1,0,1,0,1,1,0,0,1,1,0,0
0,1,1,0,0,1,0,0,1,0,1,1,0,0,1,1,0,1
0,0,0,0,0,0,0,0,0,0,0,0,0,0,0,1,0,1
0,0,0,0,0,1,0,0,0,1,0,0,0,0,0,0,0,0
0,0,0,0,0,0,0,0,0,0,0,0,0,0,1,0,0,0
0,0,0,0,0,0,0,0,1,0,0,0,0,0,0,0,1,0
0,1,0,0,0,1,0,1,1,0,1,1,0,1,0,1,0,0
0,1,0,0,0,0,0,1,0,0,0,0,0,0,0,0,0,0
0,0,0,0,0,0,0,0,0,1,0,0,0,0,0,0,0,1
1,1,1,0,1,0,0,0,1,1,1,1,0,1,0,1,0,1
0,1,1,0,0,0,0,0,0,0,0,0,0,0,0,0,0,0
0,1,1,0,1,0,0,1,1,0,0,1,1,0,1,1,1,1
1,1,1,0,0,1,1,0,1,0,0,1,0,1,0,1,0,0
0,0,0,0,0,0,0,0,0,0,0,1,0,0,0,1,0,0
0,0,0,0,0,0,0,0,1,0,0,0,0,0,0,0,0,0
0,0,0,0,1,0,0,1,0,1,0,0,0,0,0,0,0,1
0,0,0,0,0,0,0,0,0,1,0,0,0,0,0,0,0,1
1,0,0,0,1,0,1,1,1,1,1,0,0,1,0,1,1,0
0,1,0,0,0,0,1,0,0,0,0,0,0,0,0,0,0,0
1,0,0,0,0,0,0,0,0,0,0,0,0,0,0,1,0,0
0,0,0,0,1,0,0,0,0,1,0,0,0,0,0,0,0,0
0,1,0,0,1,1,0,0,1,0,1,1,0,0,0,0,0,0
0,1,0,1,0,0,1,0,1,0,1,1,1,1,1,1,0,1
0,0,0,0,0,1,0,0,0,1,0,0,0,0,0,0,0,0
0,0,0,0,0,1,0,1,0,0,0,0,0,0,0,1,1,0
0,1,0,0,0,1,0,0,0,0,0,0,0,0,0,0,0,0
1,1,1,0,1,0,0,0,1,0,1,1,1,1,1,1,0,1
0,0,0,0,0,0,0,0,0,0,0,0,0,0,0,0,1,0
0,1,1,0,1,0,0,0,0,1,0,0,0,0,0,0,1,0
0,1,0,0,0,0,0,0,0,0,0,0,0,0,0,0,0,1
0,0,0,0,0,0,0,0,0,0,0,0,0,0,0,1,0,1
0,1,0,1,1,0,1,0,1,1,0,0,1,0,0,1,0,1
0,0,0,0,0,0,0,0,0,0,0,1,1,0,0,0,0,0
0,1,0,0,0,0,0,0,0,0,0,1,0,0,0,0,0,0
0,0,0,0,0,0,0,0,0,0,0,0,0,0,1,1,0,0
1,1,0,1,0,1,1,1,1,1,1,1,0,1,1,1,0,1
0,0,0,0,0,0,0,0,0,0,0,1,0,0,0,0,0,0
1,1,1,0,0,1,0,0,1,0,0,0,1,0,0,1,0,0
0,0,1,0,0,0,0,0,0,1,0,0,0,0,0,0,0,0
1,1,1,0,1,1,0,0,1,0,0,1,1,0,0,1,0,1
0,0,0,0,0,0,0,0,1,0,0,0,0,0,0,0,0,0
0,0,0,0,0,0,0,0,0,1,0,0,0,0,0,0,0,1
0,1,1,0,0,0,0,0,0,1,0,0,1,1,0,0,1,0
0,0,1,0,0,0,0,0,0,0,0,0,0,0,0,1,0,0
1,0,0,0,1,0,0,0,0,0,0,0,0,0,0,0,0,0
0,0,1,0,0,0,0,0,0,0,0,0,0,0,0,1,0,0
0,0,0,0,0,0,0,0,0,1,0,0,0,1,0,0,0,0
0,0,0,0,0,0,0,0,0,0,0,1,0,0,0,1,0,0
0,1,0,0,0,1,0,1,0,1,1,0,0,1,0,1,1,1
0,0,0,0,0,0,0,0,0,0,0,0,0,1,0,1,0,0
0,0,0,0,0,0,0,0,1,0,0,0,0,0,1,0,0,0
0,1,0,0,0,1,0,0,0,0,0,0,0,0,0,0,0,0
1,1,1,0,0,0,1,0,1,0,0,1,0,0,0,0,0,0
0,0,0,0,0,0,0,0,0,0,0,0,0,0,0,1,0,1
1,1,0,0,0,1,1,0,1,0,1,0,1,0,0,1,1,1
0,1,0,0,0,1,0,0,0,0,0,0,0,0,0,0,0,0
0,1,1,1,0,1,0,1,1,1,0,0,0,1,0,0,0,1
0,1,0,0,0,0,0,0,0,0,0,0,0,0,0,0,0,0
0,0,1,0,0,0,0,0,0,0,0,0,0,0,0,1,0,0
0,1,0,1,0,0,1,0,1,0,0,0,0,1,1,0,0,0
0,0,1,0,0,0,0,0,0,0,0,0,0,0,0,1,0,0
0,0,0,0,0,0,0,0,0,0,0,0,0,1,0,1,0,0
1,0,1,0,0,1,1,0,1,1,0,0,0,1,0,1,0,1
0,0,0,0,0,0,0,0,0,0,0,0,0,0,0,1,0,1
1,0,1,0,0,0,0,0,0,0,0,0,0,0,0,1,0,0
0,0,0,0,0,0,0,0,0,0,0,0,0,0,1,0,0,0
0,1,0,0,0,0,0,0,0,0,0,0,0,1,0,0,0,0
0,0,0,0,0,0,0,0,0,0,0,0,0,0,0,1,0,1
0,0,1,0,0,0,0,0,0,1,0,0,0,0,0,0,0,0
0,0,0,0,0,1,0,0,0,0,0,0,0,0,0,1,0,0
0,1,0,0,0,0,0,0,0,0,0,0,0,0,1,0,0,0
0,1,1,1,0,0,1,0,1,1,0,0,0,1,0,1,1,1
0,0,0,1,0,0,0,0,1,0,0,0,0,0,0,0,0,0
0,1,0,0,0,0,0,1,0,0,0,0,0,0,0,0,0,0
1,1,0,1,0,1,1,1,1,0,0,0,0,0,1,1,0,0
0,0,0,0,0,0,0,0,0,0,0,0,0,0,1,1,0,0
0,0,0,1,0,0,1,0,1,0,1,0,0,0,0,0,0,0
1,1,1,0,0,0,0,0,0,0,0,0,0,0,0,0,0,0
0,1,0,0,0,1,0,0,1,0,1,0,0,0,1,1,0,0
0,0,0,0,0,1,0,0,0,0,0,0,0,0,0,1,0,0
0,1,0,0,0,1,0,0,0,0,0,0,0,0,0,0,0,0
0,1,0,1,0,0,0,0,0,0,0,0,0,0,0,0,0,0
0,0,1,1,0,1,0,0,1,1,0,0,1,0,0,1,0,0
0,0,1,0,0,0,0,0,0,1,0,0,0,0,0,0,0,0
0,0,0,0,0,0,0,0,0,0,0,1,0,1,0,1,0,0
0,0,0,0,0,1,0,0,1,1,0,1,0,0,0,0,0,0
0,0,1,0,0,0,0,0,0,1,0,0,0,0,0,0,0,0
0,1,0,0,0,0,0,0,0,0,0,0,0,0,0,0,0,1
1,0,0,0,0,1,1,1,0,1,0,0,1,0,0,0,1,0
0,0,0,0,1,1,0,0,0,1,0,0,0,0,0,0,0,0
0,0,0,1,0,0,0,0,1,0,0,1,0,0,1,1,1,0
0,0,0,0,0,0,0,0,0,0,0,0,0,0,1,0,0,0
0,0,1,0,0,0,0,0,0,0,0,0,0,0,0,1,0,0
0,0,0,0,0,0,0,0,0,0,0,0,0,1,0,1,0,0
1,1,1,0,1,0,0,0,1,0,0,1,0,0,1,0,0,1
1,0,0,0,0,0,0,0,1,0,0,0,0,0,0,0,0,0
0,0,0,1,0,0,0,0,0,0,0,0,0,0,0,1,0,0
1,1,0,1,0,0,1,0,1,1,0,1,0,1,0,1,0,1
0,1,0,0,0,0,0,0,0,0,0,0,0,1,0,0,0,0
0,0,0,1,0,0,0,0,0,0,0,0,0,0,0,1,0,0
1,0,0,1,0,0,0,0,0,0,0,1,0,0,0,0,0,0
0,0,0,0,0,0,0,1,0,0,0,0,0,0,0,1,0,0
1,0,0,1,1,0,0,0,1,0,0,0,1,1,1,1,0,0
0,1,0,0,0,0,0,0,0,0,0,0,0,1,0,0,0,0
0,0,0,0,0,0,0,0,0,1,0,0,0,0,0,0,0,1
0,1,1,1,1,1,0,0,1,1,1,0,0,1,1,1,0,0
0,0,0,0,1,0,0,0,0,0,0,0,0,1,0,1,0,0
0,1,1,0,0,0,0,1,1,1,1,0,1,0,0,1,0,1
0,0,0,0,1,0,1,0,1,1,0,1,0,0,1,1,0,1
0,0,0,0,0,0,0,0,0,0,0,0,0,0,0,1,0,1
0,0,0,0,0,0,0,0,0,0,0,0,0,0,0,1,0,1
0,1,0,0,0,0,0,0,0,0,0,0,0,1,0,0,0,0
0,0,0,0,0,0,0,0,0,1,0,0,1,0,0,0,0,0
0,0,0,0,0,0,0,0,0,0,0,0,0,0,0,1,1,1
0,1,1,0,1,0,1,0,0,1,0,0,1,1,0,1,0,0
0,0,1,0,0,0,0,0,0,0,0,0,0,0,0,1,0,0
0,0,0,1,0,0,0,0,1,0,1,0,0,1,1,1,0,1
0,0,1,0,0,0,0,0,0,0,0,0,0,0,0,1,0,0
0,0,0,0,0,0,0,0,0,0,0,0,0,1,0,1,0,0
0,0,0,1,0,0,0,0,1,0,0,0,0,0,1,1,0,1
0,1,0,0,0,0,0,0,0,0,1,0,0,0,0,0,0,1
1,0,0,1,0,0,1,0,0,0,0,1,0,0,0,1,0,0
0,0,1,0,0,0,0,0,0,0,0,0,0,0,0,1,0,0
0,1,0,0,0,1,0,0,1,0,0,0,1,0,1,1,1,0
0,0,0,0,0,0,0,0,1,0,0,0,0,0,0,0,0,0
0,0,1,0,1,1,0,0,1,1,0,1,0,1,0,1,0,0
0,1,0,0,0,0,0,0,0,0,0,0,0,1,0,0,0,0
0,0,0,0,0,0,0,0,0,1,0,0,0,0,0,0,0,1
0,0,0,0,0,0,0,0,0,1,0,0,0,1,0,0,0,0
0,1,1,0,0,1,0,1,0,0,1,0,0,1,0,1,0,1
1,0,0,0,0,0,0,0,1,0,0,0,0,0,0,0,0,0
0,0,0,0,0,0,0,0,0,0,0,0,0,0,0,1,1,0
0,0,0,0,0,0,0,1,0,0,0,0,0,0,0,1,0,0
1,1,0,0,1,0,0,1,0,0,0,0,1,0,0,0,0,0
0,1,0,1,0,0,0,0,0,0,0,0,0,0,0,0,0,0
0,0,0,0,0,0,0,0,0,0,0,1,0,0,0,1,0,0
1,0,0,0,1,1,0,1,0,1,1,0,0,1,1,1,0,0
0,0,0,0,0,0,0,1,0,1,0,0,0,0,0,0,0,0
0,0,0,0,0,0,0,0,0,0,0,0,0,0,0,1,0,1
0,1,0,0,0,1,0,1,0,0,0,1,0,0,0,0,0,0
1,1,1,0,0,0,1,0,1,1,0,1,0,1,1,0,1,1
0,1,1,1,0,0,0,1,0,1,0,0,1,0,1,0,0,0
0,1,0,1,0,0,0,0,0,0,0,0,0,0,0,0,0,0
0,1,0,0,0,1,0,0,0,0,0,0,0,0,0,0,0,0
0,0,0,0,0,0,0,0,1,0,0,0,1,0,0,0,0,0
0,1,1,0,0,1,0,0,1,1,0,1,0,1,0,1,0,0
0,1,0,0,0,0,0,0,0,0,0,0,0,0,0,0,1,0
0,1,0,0,0,0,0,0,0,0,0,0,0,0,0,0,1,0
1,1,1,0,1,1,0,0,1,0,0,0,0,1,1,1,1,0
0,0,1,0,0,1,1,0,0,1,1,0,0,0,0,1,0,0
0,0,0,0,0,1,0,0,0,1,0,0,0,0,0,0,0,0
0,0,0,0,0,0,0,0,0,1,0,0,0,0,0,0,0,1
0,0,0,1,1,0,0,0,1,1,1,1,1,0,0,1,0,0
0,1,1,1,0,0,0,0,0,1,0,1,1,0,1,0,1,1
0,0,1,0,0,0,0,0,0,0,0,0,0,0,0,1,0,0
0,1,0,0,0,0,0,0,0,0,1,0,0,0,0,0,0,1
1,1,1,0,0,0,1,1,0,1,0,0,0,0,0,0,0,1
0,0,1,0,0,0,0,0,0,1,0,0,0,0,0,0,0,0
0,1,0,0,0,0,0,1,0,0,0,1,0,0,1,0,0,0
0,0,0,0,0,0,0,0,0,0,0,0,0,0,0,1,0,1
0,1,0,0,0,1,0,0,0,0,0,0,0,0,0,0,0,0
0,0,0,0,0,0,1,1,1,0,0,1,0,0,1,0,0,0
0,1,0,0,0,0,0,0,0,0,0,0,0,1,0,0,0,0
0,1,0,0,1,0,0,1,0,0,1,0,0,1,0,1,1,1
0,0,1,0,0,0,0,0,0,0,0,0,0,0,0,1,0,0
0,1,0,0,0,0,1,0,1,1,0,0,0,0,0,0,1,0
0,1,0,0,0,0,0,0,0,0,0,0,0,1,0,0,0,0
0,0,0,0,0,1,0,0,1,1,0,0,0,1,0,1,0,1
0,1,0,0,0,1,0,0,0,0,0,0,0,0,0,0,0,0
0,0,0,0,1,0,0,0,1,0,0,0,0,0,0,0,0,0
0,0,0,0,1,0,0,1,1,0,1,0,0,0,0,1,1,1
1,0,1,0,0,0,0,0,1,1,0,0,0,0,0,1,0,0
0,1,1,0,0,0,0,0,0,0,0,0,0,0,0,0,0,0
0,0,0,0,0,0,1,0,1,0,0,0,0,0,0,0,0,0
0,1,1,0,1,0,1,1,1,1,0,0,0,1,0,1,0,1
1,0,0,0,0,1,0,0,0,0,0,0,0,0,0,1,0,0
0,0,1,0,0,0,0,0,0,0,0,0,0,0,0,1,0,0
0,1,1,1,1,1,0,0,1,1,0,1,0,1,0,1,1,1
0,0,0,0,0,1,0,0,0,0,0,0,0,0,1,1,0,0
0,1,1,1,1,0,0,0,0,1,0,1,1,0,1,0,0,0
0,0,0,0,0,0,0,0,1,0,1,0,0,0,0,0,0,0
0,1,0,0,0,0,0,0,0,0,0,0,0,0,0,0,0,1
1,0,0,0,0,0,0,0,0,0,0,0,0,0,0,1,0,0
0,1,1,1,0,1,0,1,1,1,0,0,0,0,0,0,0,0
0,0,0,1,0,1,0,0,0,1,0,0,0,0,0,0,0,0
0,1,0,0,1,1,1,0,1,1,1,0,0,0,1,0,0,1
0,0,0,0,0,1,0,0,0,0,0,0,0,0,0,1,0,0
0,0,0,0,0,0,0,0,0,0,0,0,0,0,0,1,0,1
0,1,1,0,1,1,0,0,1,0,0,0,1,0,0,1,0,0
0,0,0,0,0,0,0,0,0,1,0,0,0,1,0,0,0,0
0,0,0,0,0,1,0,0,1,0,1,0,0,0,0,1,0,0
0,0,1,0,0,0,0,0,0,0,0,0,0,0,0,1,0,0
0,0,0,0,0,0,0,1,1,1,0,1,1,0,1,0,0,0
0,0,0,0,0,1,0,0,0,0,0,0,0,0,0,1,0,0
0,1,0,1,0,0,0,0,0,0,0,0,0,0,0,0,0,0
0,0,0,0,0,0,0,0,0,1,0,0,0,0,0,0,1,0
1,0,0,0,0,1,0,1,1,1,1,0,1,1,1,1,1,0
0,0,0,0,0,0,0,0,0,0,0,0,1,0,0,1,0,1
0,0,0,0,1,1,0,0,0,1,0,0,0,0,0,1,0,1
0,1,0,0,0,0,0,0,0,0,0,0,0,0,0,0,0,0
1,0,0,1,0,0,0,1,0,0,0,0,1,0,1,0,1,0
0,0,1,0,0,0,0,0,1,1,1,0,0,0,0,1,0,1
1,0,0,0,0,0,0,0,1,0,0,0,0,0,0,0,1,0
0,1,1,0,0,0,0,0,0,0,0,1,0,0,0,0,0,0
0,0,1,0,0,0,0,0,0,1,0,0,0,0,0,0,0,0
1,1,0,0,0,1,0,0,0,0,1,0,0,1,0,1,0,0
0,0,1,0,0,0,0,0,0,0,0,0,0,0,0,1,0,0
0,1,1,0,0,0,0,0,0,0,0,0,0,0,0,0,0,0
1,1,0,1,0,0,0,0,0,0,0,0,0,0,0,0,0,0
0,0,0,0,0,1,0,0,0,1,0,0,0,0,0,0,0,0
0,0,0,0,0,1,0,0,0,0,1,0,0,0,0,1,0,0
0,1,0,0,0,1,0,0,0,0,0,0,0,0,0,0,0,0
0,1,0,0,0,0,1,0,0,0,0,0,0,0,0,0,0,0
1,0,0,0,0,0,0,0,0,1,0,1,0,1,1,0,0,0
0,1,0,0,0,0,1,0,0,0,1,0,0,1,0,1,0,0
0,0,0,0,0,0,0,0,1,0,0,0,0,0,0,0,1,0
0,1,1,0,0,0,0,0,0,0,0,0,0,0,0,0,0,0
0,1,0,0,1,0,1,0,1,0,0,1,0,0,0,0,0,0
0,1,0,0,1,0,0,0,0,0,0,0,0,1,0,0,0,0
1,0,0,0,0,0,0,0,0,0,0,0,0,0,0,1,0,0
0,1,1,0,0,1,0,1,0,0,0,0,0,1,0,1,0,0
0,0,0,0,0,1,0,0,0,1,0,0,0,0,0,0,0,0
0,0,0,0,0,1,0,0,0,0,0,0,0,0,0,1,0,0
0,1,1,0,1,0,0,0,1,1,0,1,0,0,0,1,0,1
0,0,0,0,0,0,0,0,0,0,0,0,0,0,0,1,0,1
0,1,0,1,0,1,0,0,1,0,0,0,1,0,0,0,0,1
0,0,0,0,0,0,0,0,1,0,0,0,0,0,0,0,1,0
0,0,0,0,0,0,0,0,0,1,0,0,0,0,1,0,0,0
1,0,1,1,0,0,1,0,0,0,0,0,0,1,0,1,1,1
0,0,0,1,0,0,0,0,1,0,0,0,0,0,0,0,0,0
0,1,0,0,0,1,0,0,1,1,0,0,0,0,0,0,0,0
0,0,0,0,0,1,0,0,0,0,0,0,0,0,0,1,0,0
0,0,0,0,0,0,0,0,0,0,0,0,0,0,0,1,1,0
0,1,1,1,0,1,1,0,1,1,1,1,0,1,0,1,0,1
0,0,0,1,0,0,0,0,1,0,0,0,1,0,0,0,0,0
1,1,0,0,0,0,0,0,0,0,0,0,0,1,0,0,0,0
0,0,1,0,0,0,0,1,0,0,0,0,0,0,0,1,0,0
0,0,0,0,0,0,1,0,0,1,0,0,0,0,0,0,0,0
1,0,0,0,0,0,0,0,1,0,0,0,0,0,0,0,0,0
0,0,0,0,0,0,0,0,0,0,0,0,0,0,0,1,0,1
0,1,1,0,0,0,1,0,1,0,0,0,0,0,0,1,0,0
0,1,0,0,0,0,0,0,0,0,0,0,0,0,0,0,0,1
0,0,0,0,0,0,0,0,0,1,0,0,0,0,0,0,0,1
0,1,0,0,0,1,0,0,0,0,0,0,0,0,0,0,0,0
0,0,1,0,0,0,0,0,0,1,0,0,0,0,0,0,0,0
0,0,0,0,0,1,0,0,0,1,0,0,0,0,0,0,0,0
0,0,0,0,0,0,1,0,1,0,0,0,0,0,1,0,0,0
0,1,0,0,1,0,0,1,1,0,1,0,0,1,0,0,0,0
0,1,0,0,0,0,0,0,0,0,0,0,0,1,0,0,0,0
0,0,0,0,1,0,1,0,1,0,0,1,0,0,0,1,0,0
0,1,0,0,0,0,0,1,0,0,0,0,0,0,0,0,0,1
0,1,1,0,0,0,0,0,1,0,1,0,0,0,0,1,1,0
0,0,0,0,0,0,0,0,1,0,0,0,0,0,0,0,1,0
1,0,0,0,0,0,0,0,1,0,0,0,0,0,0,0,0,0
0,0,0,0,0,0,0,0,0,1,0,0,0,1,0,0,0,0
0,0,0,0,0,0,1,0,1,0,0,0,0,0,0,0,0,0
1,0,0,0,0,0,0,0,1,0,0,0,0,1,0,1,0,0
0,0,0,0,0,0,0,0,0,1,0,0,0,0,0,0,0,1
0,1,0,0,0,0,0,0,0,0,0,0,1,0,0,1,0,0
0,0,0,0,0,0,0,0,0,0,0,0,0,0,0,1,0,1
0,1,1,0,0,0,0,0,0,1,0,0,0,0,0,0,1,0
0,0,0,0,1,0,0,0,1,0,0,0,0,0,0,0,0,0
0,0,0,0,0,0,0,0,1,0,0,1,0,0,0,0,0,0
0,1,1,0,1,0,0,0,0,0,0,0,0,0,0,1,0,1
0,1,0,0,0,0,0,0,0,0,0,0,0,1,0,0,0,0
1,0,0,1,0,1,0,0,1,1,0,1,0,0,0,1,1,1
0,0,0,0,1,0,0,0,0,0,0,0,0,1,0,1,0,0
0,0,0,0,0,0,0,0,0,0,0,1,0,0,0,0,0,0
0,1,0,0,0,1,0,0,0,0,0,0,0,0,0,0,0,0
0,0,0,0,0,1,1,0,0,0,0,0,0,0,0,1,0,0
0,1,1,1,1,1,1,1,1,1,0,0,0,1,0,1,0,1
0,1,1,0,0,0,0,0,0,0,0,1,0,1,0,0,0,0
0,1,1,0,0,0,0,0,0,0,0,0,0,0,0,0,0,0
0,0,0,0,0,0,0,0,0,1,0,0,0,0,0,0,0,1
0,1,0,1,0,0,0,0,1,1,1,0,1,0,0,1,0,1
0,0,0,0,1,0,0,0,0,0,0,0,0,1,0,1,0,0
0,1,1,1,0,0,0,0,1,1,1,0,0,0,0,1,0,0
1,1,0,0,0,0,0,0,1,0,0,0,0,1,1,0,0,0
0,0,0,0,0,0,0,0,1,0,0,1,0,0,0,0,0,0
1,0,0,0,0,0,0,0,1,0,0,0,0,0,0,0,0,0
1,1,0,1,1,1,1,0,0,1,0,0,0,0,0,1,0,1
0,1,0,0,0,1,0,0,0,0,0,0,0,0,0,0,0,0
0,0,1,0,0,0,0,0,0,1,0,0,0,0,0,0,0,0
0,0,0,0,0,0,0,0,1,1,0,0,1,0,0,0,0,0
0,0,0,0,0,0,0,0,0,1,0,0,0,0,0,0,0,1
0,1,1,0,1,0,0,0,0,0,0,0,0,1,1,1,0,0
0,1,0,0,1,0,0,0,0,0,0,0,0,0,0,0,0,0
0,0,0,0,0,0,0,1,0,0,0,0,0,0,0,1,0,0
0,0,0,0,0,0,0,0,0,0,0,1,0,0,0,1,0,1
0,1,0,0,0,1,0,0,0,0,0,0,0,0,0,0,0,0
0,1,1,0,0,0,0,0,0,0,0,0,0,0,0,0,1,0
0,0,0,0,0,0,0,0,0,0,1,0,0,0,0,1,0,1
0,0,0,1,0,0,0,0,0,0,0,0,0,0,0,1,0,0
1,1,0,0,0,0,0,0,0,0,0,0,0,0,0,0,0,0
0,1,1,0,0,0,0,1,1,0,0,1,0,0,0,1,0,1
0,1,0,1,0,0,0,0,0,0,0,0,0,0,0,0,0,0
0,0,0,0,0,0,0,0,1,0,0,0,1,0,0,0,0,0
0,0,0,1,0,0,1,0,1,1,0,1,0,0,0,1,0,0
0,0,0,0,1,0,0,0,1,0,0,0,0,0,0,0,0,0
0,1,0,0,1,0,1,0,1,0,1,0,0,1,0,0,1,0
0,0,0,0,0,0,0,0,0,0,0,0,0,0,0,1,0,1
0,1,1,0,0,0,0,0,0,0,0,0,0,0,0,0,0,0
0,1,0,0,1,0,0,0,1,1,0,0,0,0,0,0,1,1
1,0,1,1,0,0,0,1,1,1,0,1,0,1,0,1,1,0
0,0,0,0,0,0,0,0,0,0,0,0,0,1,0,1,0,0
0,0,1,0,0,0,0,0,0,0,0,0,0,0,0,1,0,0
0,1,0,0,0,1,0,1,1,0,1,1,1,0,1,1,0,0
0,0,0,0,0,0,0,1,1,0,0,0,0,0,0,0,0,0
1,0,0,0,1,1,0,0,0,0,0,0,0,0,0,1,1,0
0,0,0,0,0,0,0,1,0,0,0,0,0,0,0,1,0,0
0,0,0,0,0,0,0,0,0,0,0,0,0,1,0,1,0,0
0,1,1,0,0,0,0,0,0,0,0,0,0,0,0,0,0,0
0,0,0,0,0,0,0,0,0,0,1,0,1,0,0,0,0,0
0,1,0,0,0,0,0,0,0,0,0,0,0,1,0,0,0,0
0,0,0,0,0,0,1,0,0,1,0,0,0,0,0,0,0,0
0,0,0,1,0,0,0,1,1,1,0,0,0,0,0,1,0,1
1,0,0,1,1,0,0,0,1,0,0,0,0,0,1,0,0,0
0,0,0,0,0,0,0,1,0,0,0,0,0,0,0,1,0,0
0,1,1,0,0,1,1,0,0,0,0,0,0,0,0,1,0,1
0,1,0,1,0,0,0,0,0,0,0,0,0,0,0,0,0,0
0,1,0,0,0,0,0,0,0,0,0,0,0,0,0,0,0,1
0,1,0,0,1,1,0,0,1,1,0,1,1,0,0,0,0,1
1,0,0,0,0,0,0,0,0,0,0,1,0,0,0,0,0,0
0,0,1,0,0,0,0,0,0,0,0,0,0,0,0,1,0,0
1,0,1,1,0,0,0,0,0,1,1,0,0,0,0,1,0,0
1,0,0,0,0,1,0,0,1,1,1,0,0,0,0,1,1,0
0,1,0,0,1,1,0,1,1,0,0,1,1,0,0,1,0,0
0,0,0,0,0,0,0,0,0,0,0,0,0,1,0,1,0,0
0,1,1,0,0,0,0,0,0,0,0,0,0,0,0,0,0,0
1,1,0,0,1,1,0,0,1,0,0,0,0,0,0,1,0,0
1,1,1,1,0,0,0,0,1,0,0,1,1,0,0,1,0,1
0,1,0,0,0,1,0,0,0,0,0,0,0,0,0,0,0,0
0,1,1,0,0,0,0,0,1,0,1,1,0,0,0,0,0,0
0,0,0,0,0,0,0,0,0,1,0,0,0,1,0,0,0,0
0,1,0,0,0,0,0,1,1,0,0,1,0,0,0,1,0,0
0,0,0,0,0,0,0,0,0,1,0,0,1,0,0,0,0,0
0,1,1,0,0,0,1,1,1,1,0,1,0,1,0,0,0,0
0,0,0,0,0,0,0,0,0,0,0,0,0,0,1,1,0,0
1,0,0,0,0,0,0,1,1,0,0,0,0,0,0,0,0,0
0,0,0,0,0,0,1,0,1,0,0,0,1,0,0,0,1,0
0,0,0,0,0,0,0,0,0,0,1,0,0,0,0,0,0,0
1,1,0,0,0,0,0,0,0,0,0,0,0,0,0,0,0,0
0,0,0,0,0,0,0,0,0,1,0,0,0,0,0,0,0,1
0,0,0,0,0,0,0,0,1,0,0,0,0,0,0,0,1,0
0,0,1,0,0,0,0,0,0,0,0,0,0,0,0,1,0,0
0,1,0,1,0,0,0,0,1,0,0,0,0,0,1,0,0,0
0,1,0,0,0,1,0,1,0,0,0,0,0,0,0,0,0,0
0,1,0,0,0,0,0,0,0,0,0,0,0,1,0,0,0,1
0,1,0,0,0,0,0,0,0,0,0,0,0,0,0,0,0,1
1,1,1,1,1,0,1,0,0,1,1,0,0,1,0,1,0,0
0,1,0,0,0,0,0,0,0,0,0,0,0,0,0,0,0,1
0,1,0,0,0,0,0,0,0,0,0,0,0,0,0,0,0,1
1,0,1,0,1,0,0,0,0,0,0,0,0,0,1,1,1,0
0,1,0,0,0,0,0,0,0,0,0,1,0,0,0,0,0,0
1,1,1,0,0,0,0,1,1,1,1,1,1,1,0,1,0,1
0,0,1,0,0,0,0,0,0,1,0,0,0,0,0,0,0,0
0,0,1,0,0,0,0,0,0,0,0,0,0,0,0,1,0,0
0,1,0,0,0,0,1,0,1,0,1,0,0,0,0,0,0,0
1,1,0,0,1,0,0,0,1,0,1,0,1,0,0,0,0,0
0,0,1,0,0,0,0,0,0,0,0,0,0,0,0,1,0,0
0,0,0,0,1,0,0,0,0,0,1,0,0,0,0,1,1,0
0,1,0,0,0,0,0,0,0,0,0,0,0,0,0,0,0,1
0,0,0,0,0,0,0,0,0,0,0,0,0,1,0,1,0,0
1,0,0,0,0,0,0,0,1,0,0,0,0,0,0,0,0,0
1,0,0,0,0,0,0,0,1,0,0,1,0,0,0,0,0,0
1,1,1,0,1,1,0,0,1,0,1,0,0,0,0,1,0,0
0,1,1,0,0,0,0,0,0,0,0,0,0,0,0,0,0,0
0,1,0,0,0,0,1,0,0,0,0,1,0,0,1,0,1,1
1,0,0,0,0,0,0,0,0,0,0,0,0,0,0,1,0,1
0,0,1,0,0,0,0,0,0,0,0,0,0,0,0,1,0,0
0,1,0,0,1,0,1,0,0,1,0,0,0,1,0,1,0,1
0,1,0,0,0,0,0,0,0,0,0,0,0,0,0,0,0,1
1,0,0,0,0,0,0,0,1,0,0,0,1,0,0,1,0,0
0,1,1,0,0,0,1,0,0,0,0,1,1,0,0,1,0,1
0,0,0,0,0,0,1,0,1,0,0,0,0,0,0,0,0,0
0,0,0,0,0,0,0,0,0,0,0,0,1,0,0,1,0,0
1,1,1,1,0,1,0,0,0,0,0,1,0,0,0,0,0,1
0,0,0,0,0,1,0,0,0,1,0,0,0,0,0,0,0,0
0,0,0,0,0,0,0,0,0,0,0,0,0,0,0,1,0,1
1,0,0,1,0,0,0,1,1,0,1,1,0,0,0,0,1,0
0,0,0,0,0,0,0,0,1,0,0,1,0,0,0,0,0,0
0,1,1,0,0,0,1,1,1,1,0,0,0,1,0,1,0,0
0,1,0,0,0,0,0,0,0,0,1,0,0,0,0,0,0,1
0,0,0,0,0,1,0,0,0,1,0,0,0,0,0,0,0,0
0,1,1,0,0,0,0,0,1,0,0,1,0,1,1,1,0,0
0,1,0,0,0,0,0,0,0,0,0,0,0,1,0,0,0,0
0,1,0,0,1,1,0,1,1,1,0,0,0,0,1,1,0,1
0,0,1,0,0,0,0,0,0,1,0,0,0,0,0,0,0,0
0,1,0,0,0,1,0,0,0,0,0,0,0,0,0,0,0,1
0,0,0,0,0,0,0,0,1,0,0,0,0,0,0,0,1,0
0,1,0,0,0,0,0,0,0,0,0,0,1,1,0,0,0,0
0,1,0,0,0,0,0,1,0,0,0,0,0,0,0,0,0,0
0,1,0,0,0,1,0,0,0,1,0,0,0,1,0,1,0,1
0,1,1,0,0,0,0,1,0,0,0,0,0,0,0,0,0,0
0,0,1,0,0,0,0,0,0,1,0,0,0,0,0,0,0,0
1,0,0,0,0,0,0,0,0,0,0,0,0,0,0,1,0,0
0,1,0,0,0,0,0,0,0,0,0,0,0,1,0,0,0,0
1,0,0,0,0,0,0,0,0,0,0,1,0,0,0,0,0,0
0,0,0,0,0,0,0,0,0,1,0,1,0,0,0,0,0,0
0,1,0,0,1,0,0,0,0,1,0,0,0,1,0,0,0,0
0,0,0,0,0,0,0,0,0,0,0,0,0,0,0,1,0,1
0,0,0,0,0,0,0,0,0,1,0,0,0,0,0,0,0,1
0,0,0,0,0,0,1,0,1,0,0,0,0,0,0,0,0,0
0,0,0,0,1,0,0,0,0,0,0,0,0,0,0,1,0,0
0,0,0,0,0,1,0,0,0,0,0,0,0,0,0,1,0,0
0,0,0,0,0,0,0,0,1,0,1,0,0,0,0,0,0,0
0,0,0,0,0,0,0,1,1,0,1,0,1,0,1,0,0,0
0,0,0,1,0,0,0,0,1,0,0,0,0,0,0,0,0,0
1,1,0,0,0,0,0,0,1,1,1,0,0,0,0,1,1,0
0,0,1,0,0,0,0,0,0,0,0,0,0,0,0,1,0,0
0,0,0,1,0,0,1,0,1,1,0,1,0,1,0,0,0,0
1,1,0,1,0,0,0,0,0,1,0,1,0,0,0,0,0,1
0,1,0,1,1,0,0,0,1,0,0,0,0,1,0,0,1,0
0,1,0,0,0,0,0,0,0,0,0,0,0,1,0,0,0,0
0,1,0,0,0,0,1,0,0,0,0,1,0,1,0,1,0,1
0,1,0,0,0,0,0,0,0,0,0,0,0,0,0,0,0,1
0,0,0,0,0,1,1,0,0,1,0,1,0,0,0,0,0,0
0,0,0,0,0,0,0,0,0,0,0,0,1,0,0,1,0,1
0,0,0,0,0,1,0,0,0,0,0,0,0,0,0,1,0,0
0,1,1,0,0,0,0,0,0,0,0,0,0,0,0,0,0,0
0,0,0,1,0,0,0,0,1,0,0,0,1,0,0,0,0,0
0,0,0,0,1,0,1,0,1,1,0,0,1,0,0,0,1,0
0,1,0,0,0,0,0,0,0,0,0,0,0,0,0,0,0,1
0,1,1,0,0,0,1,0,0,1,0,1,0,1,0,1,1,1
0,0,0,0,1,0,1,0,0,0,0,0,0,0,0,0,0,0
0,0,1,0,0,0,1,0,0,0,0,0,0,0,0,1,0,0
1,0,0,0,0,1,0,0,1,0,0,0,0,0,0,1,0,0
1,0,0,0,0,0,0,0,0,0,1,1,0,0,0,0,0,0
0,0,1,0,1,1,0,0,0,0,0,0,1,0,0,1,0,0
0,0,0,0,0,0,0,0,1,0,0,1,0,0,0,0,0,0
0,0,0,0,0,1,0,0,0,0,0,0,0,0,0,1,0,0
0,1,1,0,0,0,0,0,0,0,0,0,0,0,0,1,0,1
1,1,0,0,0,0,0,0,0,0,0,0,0,0,0,0,0,0
0,0,1,0,0,0,0,0,0,1,0,0,0,0,0,0,0,0
0,0,0,1,1,0,1,0,0,0,1,0,1,0,0,0,0,0
0,1,0,0,1,1,0,0,0,1,0,1,0,0,0,0,0,0
0,0,0,0,0,0,0,0,0,0,0,0,0,0,0,1,0,1
1,1,1,0,0,1,0,0,1,0,1,0,0,0,1,1,0,0
0,1,0,0,0,0,0,1,1,0,0,0,1,1,0,0,0,0
1,1,0,0,0,0,1,0,1,0,0,0,1,0,0,1,0,1
0,1,0,0,0,0,0,0,0,0,1,0,0,0,0,0,0,1
0,0,0,0,0,0,0,0,0,1,0,0,0,0,0,0,0,1
0,1,0,0,0,1,0,0,0,0,1,1,0,0,0,0,0,0
0,1,1,1,0,1,0,1,1,1,0,0,0,1,1,1,1,1
0,0,0,0,0,0,0,0,0,0,1,0,0,0,0,0,1,0
0,0,0,0,0,0,0,0,1,0,1,0,0,1,0,1,1,0
0,1,0,0,0,1,1,0,0,0,0,0,0,0,0,1,0,0
0,1,1,0,1,0,0,0,0,0,0,0,0,0,0,0,0,0
0,0,0,1,0,0,0,0,1,1,0,0,0,0,1,0,0,0
0,1,0,0,1,1,1,1,1,1,0,0,1,1,0,1,0,1
0,0,0,0,0,0,0,0,0,0,1,0,0,0,0,1,0,0
0,0,0,0,0,0,0,0,1,0,1,0,1,0,0,0,0,0
1,0,1,0,0,0,0,1,1,1,0,0,0,0,0,1,0,0
0,1,0,1,0,0,0,0,0,0,0,0,0,0,0,0,0,0
1,0,0,0,0,0,0,0,1,0,0,0,0,0,0,0,0,0
0,0,0,0,0,0,0,0,0,1,0,0,0,0,0,0,0,1
0,1,0,1,0,0,0,0,0,0,0,0,0,0,0,0,0,0
0,0,1,0,1,1,1,0,0,0,0,0,0,0,0,1,0,1
0,0,0,0,0,0,0,0,0,0,0,0,0,1,0,1,0,0
0,1,1,0,0,0,0,0,0,0,0,0,0,0,0,0,0,0
0,1,0,0,0,0,0,0,0,0,0,0,0,0,0,0,0,1
0,0,0,0,0,0,0,0,0,0,0,0,1,0,0,0,1,0
0,1,0,0,0,1,0,0,0,0,0,1,0,0,0,0,1,1
0,0,0,0,0,0,0,0,0,0,0,0,0,1,0,1,0,0
0,0,0,0,0,0,0,0,1,0,0,0,1,0,0,1,0,0
0,0,0,0,1,0,1,0,1,0,0,0,0,1,0,1,0,0
0,1,0,0,0,0,0,0,0,0,0,0,0,1,0,0,1,0
0,1,0,0,0,1,0,0,1,0,0,0,0,0,1,0,0,0
0,0,0,0,0,0,0,1,0,1,0,0,0,0,0,0,0,0
0,0,1,0,0,1,0,0,0,1,0,0,0,0,0,1,0,0
0,0,0,0,0,0,0,0,0,1,0,0,0,1,0,0,0,0
1,1,0,0,0,0,0,0,0,1,1,0,0,1,0,0,0,0
0,1,0,0,0,1,0,0,0,1,0,1,0,1,0,0,1,0
0,0,0,0,0,0,1,0,1,0,1,0,0,0,0,0,1,0
0,1,0,0,0,1,0,0,0,0,0,0,1,0,0,0,0,0
0,1,1,0,0,0,0,0,0,0,0,0,0,0,0,0,0,0
0,0,0,0,1,0,1,0,0,1,1,0,0,1,0,1,0,1
0,0,0,0,0,1,0,0,0,0,0,0,0,0,0,1,0,0
0,0,0,0,0,0,0,0,0,1,0,0,0,1,0,0,0,0
1,0,0,0,0,0,0,0,1,0,0,0,0,0,0,0,0,0
0,1,0,0,1,0,0,0,0,0,0,0,0,1,0,0,0,0
0,0,0,0,0,0,0,0,1,0,0,1,0,0,0,0,0,0
0,0,1,0,0,0,1,0,1,0,0,0,0,0,0,1,0,0
0,1,0,0,0,0,0,1,0,0,0,1,0,0,0,0,0,0
0,0,0,0,0,0,0,0,0,1,0,0,0,0,0,0,0,1
0,0,1,0,0,0,0,0,0,1,0,0,0,0,0,0,0,0
0,0,0,0,0,0,0,0,0,0,0,0,0,0,1,0,0,0
0,1,0,0,0,1,0,0,0,0,0,0,0,0,0,1,0,0
0,0,0,0,0,0,0,0,0,0,0,0,1,0,0,0,0,0
0,0,1,0,0,0,0,1,0,0,0,0,0,0,0,1,1,0
1,0,0,0,0,0,0,0,1,0,0,0,0,0,0,0,0,0
0,1,0,0,1,0,0,0,1,0,0,0,0,0,1,0,1,1
0,0,0,0,0,0,0,0,0,0,0,0,0,1,0,1,0,0
0,1,0,0,0,0,0,0,0,1,0,0,0,1,0,1,0,0
0,0,0,0,1,0,0,0,0,0,0,0,0,0,0,0,0,0
1,1,1,0,0,0,0,0,0,0,0,1,0,1,0,1,0,0
0,1,0,0,0,0,0,0,0,0,1,0,0,0,0,0,0,0
0,0,0,0,0,0,0,0,0,0,0,0,0,0,0,1,0,1
1,1,1,0,0,1,0,0,1,1,0,1,0,0,1,0,0,0
0,0,0,0,0,0,0,0,0,0,0,1,0,0,0,1,0,0
0,0,0,0,1,0,1,1,1,0,1,0,0,1,0,1,0,0
0,1,1,0,0,0,0,0,0,0,0,1,0,0,0,0,0,0
0,0,0,0,0,1,0,0,0,1,0,0,0,0,0,0,0,0
0,0,0,0,0,0,0,0,1,0,0,0,1,0,0,0,0,0
0,0,0,0,0,0,0,0,1,0,0,0,0,1,0,1,0,0
0,1,0,0,0,1,0,0,0,0,0,0,0,0,0,0,0,0
0,1,0,1,0,0,0,0,0,0,0,0,0,0,0,0,0,0
0,0,1,0,0,0,0,0,0,0,0,0,0,0,0,1,0,0
0,0,0,0,0,0,0,0,1,1,0,0,0,1,0,0,0,0
0,0,1,0,0,0,0,0,1,1,0,0,1,1,0,1,0,0
0,0,1,0,1,0,0,0,1,0,0,0,0,0,0,1,0,1
0,0,0,0,0,0,0,0,0,0,0,1,1,0,0,0,0,0
0,1,0,0,1,0,0,1,1,0,0,1,0,1,0,0,0,0
1,1,1,0,0,1,1,1,0,0,0,0,0,0,1,1,0,0
1,0,1,0,0,0,0,0,0,1,0,0,1,1,0,0,0,0
0,0,0,0,0,0,0,0,0,0,0,0,0,1,0,1,0,0
1,1,0,0,0,0,1,1,0,0,0,1,0,0,0,1,0,1
1,1,0,0,0,0,0,0,0,0,0,1,0,0,1,0,0,1
0,1,1,0,0,0,0,1,0,0,0,0,0,0,0,0,0,0
0,0,1,0,0,1,1,0,1,1,0,0,1,0,0,1,1,0
0,1,1,0,0,0,0,0,0,0,0,1,0,0,0,0,0,0
0,0,0,0,0,0,0,0,0,0,0,0,0,1,0,1,0,0
0,1,0,0,0,1,0,0,0,0,0,1,0,0,0,0,0,0
1,0,0,0,0,0,0,0,1,0,0,0,0,0,0,0,0,0
1,0,0,0,0,0,0,0,1,0,0,0,0,0,0,0,0,0
0,1,1,0,0,0,1,0,1,1,0,0,0,0,0,0,0,1
0,1,0,0,0,0,0,0,0,0,0,0,0,0,0,0,0,1
0,0,0,0,0,1,0,0,0,0,1,0,0,0,0,1,0,0
0,1,0,0,0,0,0,0,0,0,0,0,0,1,0,0,0,0
0,0,0,0,0,1,0,0,0,0,0,0,0,0,0,1,0,0
0,1,1,0,0,0,0,0,1,0,1,0,0,0,0,1,0,1
0,1,0,0,1,0,0,0,0,0,0,0,0,1,0,0,0,0
0,0,0,0,0,0,0,0,0,0,0,1,1,0,0,0,0,0
0,0,0,1,0,0,0,1,0,0,0,0,0,0,1,0,0,0
0,0,0,1,0,0,0,0,1,0,0,0,1,0,0,0,0,0
0,0,0,0,0,0,0,0,1,0,0,0,0,0,0,1,0,0
0,1,0,0,0,1,0,1,0,1,0,0,1,1,1,1,1,1
0,0,0,0,0,0,1,0,0,0,0,0,0,0,0,1,0,0
0,0,0,0,0,1,0,0,1,1,0,0,0,0,0,1,1,0
0,1,0,0,0,0,0,0,0,0,0,1,0,1,0,0,1,0
0,0,0,1,0,0,0,0,0,0,1,1,0,1,0,1,0,0
0,1,0,0,0,1,0,0,1,1,0,0,0,0,0,0,0,1
0,0,0,0,1,0,1,0,1,0,0,0,0,0,0,0,0,0
0,0,1,1,0,0,0,0,0,1,0,0,0,0,0,0,0,0
0,1,0,0,0,0,0,0,0,0,0,0,0,0,0,0,0,1
1,0,1,0,0,0,0,0,0,0,0,0,1,0,0,1,0,0
0,1,1,0,1,0,0,0,0,0,0,0,0,0,0,0,0,0
1,1,0,1,0,1,0,0,0,0,0,0,0,0,1,0,0,0
0,1,0,0,0,0,0,0,1,0,1,0,1,0,1,0,1,1
1,0,0,0,0,0,0,0,0,1,0,0,0,0,0,1,1,1
0,0,0,0,0,1,0,1,0,0,0,0,0,0,0,1,0,0
0,1,0,0,0,0,0,0,0,0,0,0,0,0,0,0,0,1
0,0,0,0,0,0,1,0,0,0,1,0,0,0,0,0,0,0
0,1,1,0,0,0,0,1,1,0,1,0,0,0,0,1,0,0
0,0,0,0,1,0,1,0,1,0,0,0,0,0,0,0,1,0
0,0,0,1,0,0,0,0,0,0,0,0,0,0,0,0,0,0
0,1,0,1,0,1,0,0,0,0,0,0,0,0,0,0,1,0
0,0,0,0,1,0,0,0,0,0,0,0,0,0,1,0,0,0
0,0,0,0,0,0,0,0,0,1,0,0,0,1,0,0,0,0
1,0,0,1,0,0,0,0,1,0,0,1,0,0,0,0,0,0
0,0,0,0,1,0,1,1,0,1,1,0,0,0,0,1,0,1
0,1,0,0,0,0,0,0,0,0,0,0,0,1,0,0,0,0
0,1,0,0,0,1,0,1,1,0,0,0,0,0,0,0,1,0
0,1,1,0,0,0,0,0,0,0,0,0,0,0,0,0,0,0
1,0,0,1,0,0,0,0,0,0,0,0,0,0,0,0,0,0
0,0,0,0,0,1,0,0,0,0,0,0,0,0,0,1,0,0
0,0,1,0,0,0,0,0,0,0,0,0,0,0,0,1,0,0
0,1,0,0,0,0,0,0,0,0,0,0,0,0,1,0,0,0
0,0,0,0,0,0,1,0,0,0,0,1,1,0,0,0,0,0
0,1,1,0,0,0,0,1,0,0,0,0,0,0,1,0,0,0
0,1,1,0,1,0,0,0,1,0,0,0,0,0,0,1,0,1
0,1,0,0,0,0,0,1,0,1,0,0,1,0,0,0,0,0
1,0,0,0,0,0,0,0,0,0,0,0,0,0,0,1,0,0
0,0,0,0,0,0,0,0,1,0,0,0,0,0,0,0,1,0
0,1,0,0,0,0,0,0,0,0,0,0,0,0,0,0,1,0
0,1,0,1,0,0,0,0,0,0,0,0,1,0,0,0,0,1
0,0,0,0,0,0,0,0,0,0,0,0,0,0,1,1,0,0
1,0,1,1,0,1,0,0,1,1,0,1,0,1,0,1,1,0
0,0,0,0,0,1,0,0,0,0,0,0,0,0,0,1,0,0
0,1,0,1,0,1,0,0,1,0,0,0,0,0,0,0,1,0
0,0,0,0,0,0,0,0,1,1,1,1,0,1,0,0,0,0
0,1,0,1,0,1,0,0,1,0,0,0,0,0,0,0,0,0
0,0,0,0,0,0,0,1,0,0,0,0,0,1,0,1,0,0
0,0,0,0,0,0,0,0,0,0,0,0,0,0,1,1,1,0
0,1,1,0,0,0,0,0,0,0,0,0,0,0,0,0,0,0
1,0,0,0,0,1,0,0,1,1,1,0,0,0,0,1,0,1
0,0,0,0,0,0,0,0,0,0,0,1,0,0,0,0,1,0
1,0,0,0,0,0,1,0,1,0,0,1,0,0,0,0,0,0
0,0,0,0,0,0,0,0,1,0,0,0,1,0,0,0,0,0
0,1,1,1,0,1,1,0,1,0,0,0,0,1,0,1,0,0
0,0,0,0,0,0,0,0,0,0,0,0,0,1,0,1,0,0
0,0,0,0,0,0,1,0,1,0,0,0,0,0,0,0,0,0
0,1,1,0,0,0,0,0,0,0,0,0,0,1,0,0,0,0
0,0,0,0,1,0,0,0,1,0,0,0,0,0,0,0,0,0
0,0,1,0,0,0,0,0,0,0,0,0,0,0,0,1,0,0
1,1,0,1,0,0,0,0,1,0,0,0,0,1,1,1,0,1
0,1,0,0,0,0,1,1,0,1,0,0,0,0,0,0,0,1
0,0,0,0,0,0,0,0,0,0,0,0,0,0,0,1,1,1
0,1,0,0,0,0,0,0,1,1,0,0,1,0,0,0,0,1
0,0,0,0,0,1,0,0,0,1,0,0,0,0,0,0,0,0
1,0,0,0,0,0,0,0,1,0,0,1,0,0,0,0,0,0
0,0,0,0,0,1,0,0,0,0,0,0,0,0,0,1,0,0
0,0,0,0,0,0,0,0,0,0,0,0,0,0,1,0,1,0
0,0,0,0,0,1,0,0,0,0,1,0,1,1,0,1,0,0
0,1,0,0,1,0,0,0,0,0,0,1,0,0,1,0,1,0
0,0,0,0,0,0,0,1,0,0,0,0,0,0,0,1,0,0
0,1,0,0,0,0,0,0,0,0,0,0,0,0,0,0,0,1
0,0,0,0,0,0,0,0,0,1,0,0,0,1,0,0,0,0
0,0,0,0,0,0,0,0,0,0,0,0,0,1,0,1,0,0
1,0,0,0,0,0,0,0,1,0,1,0,0,0,0,0,1,0
0,1,0,0,0,1,0,0,1,0,0,0,0,0,0,0,0,0
0,0,0,0,0,0,0,0,0,0,0,1,0,0,1,0,0,0
0,0,0,0,0,0,1,0,0,0,0,1,0,0,0,0,0,0
1,1,0,0,0,1,0,0,1,0,0,0,0,0,0,0,0,0
0,0,0,0,0,0,0,0,0,0,1,0,0,0,0,1,0,0
1,0,0,0,0,0,0,0,0,0,0,0,0,0,1,0,1,0
0,1,0,1,0,0,0,0,0,0,0,0,0,0,0,1,1,0
0,0,0,0,0,0,0,0,0,0,0,0,1,0,0,1,0,0
0,0,1,0,0,0,0,0,0,0,0,0,0,0,0,1,0,0
0,0,0,0,1,0,0,0,0,0,1,0,0,0,0,0,0,0
0,0,0,0,0,0,0,1,1,1,1,0,1,0,0,1,1,0
0,0,0,0,0,1,0,0,0,1,0,0,0,0,0,0,0,0
0,0,0,0,0,0,0,0,0,0,0,0,0,0,0,1,0,1
0,0,0,0,0,0,0,0,0,0,1,1,0,0,0,0,0,0
0,1,0,0,0,0,0,0,0,0,0,1,0,0,0,1,0,1
0,0,0,0,0,0,1,0,0,0,0,1,0,0,0,0,0,0
0,0,0,0,0,0,0,0,0,0,0,0,0,0,1,0,0,0
0,1,0,0,1,0,0,0,0,0,0,0,0,1,0,0,0,0
0,0,0,0,0,0,0,0,0,1,0,0,1,0,0,0,1,1
0,1,1,0,0,0,0,1,0,0,0,0,0,0,0,0,1,0
0,0,0,0,1,0,0,0,0,1,1,0,1,0,0,0,0,0
0,0,0,0,0,0,0,0,0,1,0,0,0,0,1,0,0,0
0,0,0,0,0,0,0,0,0,1,1,0,1,1,0,0,0,0
0,0,0,0,0,0,0,0,0,0,0,0,0,0,0,1,0,1
0,0,0,0,0,0,0,0,0,0,0,1,0,0,0,1,0,0
0,1,0,1,0,0,0,0,1,1,0,1,1,1,1,1,0,1
0,1,0,0,0,1,0,0,0,0,0,0,0,0,0,0,0,0
0,0,0,0,1,0,0,0,0,1,0,0,0,0,0,0,0,0
1,0,0,0,0,0,0,0,0,0,0,1,0,0,0,0,0,0
0,1,1,0,0,0,0,0,0,0,0,0,0,0,0,0,0,0
0,1,0,0,0,0,0,0,0,0,0,0,0,1,0,0,0,0
0,0,0,0,0,0,0,0,1,0,0,0,0,0,1,0,1,0
0,1,0,0,0,1,0,0,0,0,0,0,0,0,0,0,0,0
1,1,0,0,0,0,0,0,0,0,0,0,0,0,0,0,0,1
0,0,0,0,0,0,0,1,0,0,0,0,0,0,0,0,0,0
0,1,0,1,0,0,0,1,0,0,0,0,0,1,0,0,0,0
0,1,0,0,0,0,0,0,0,0,0,0,0,0,1,0,0,0
0,0,0,0,0,0,0,0,0,1,0,0,0,0,0,0,1,0
0,0,0,0,1,0,0,0,0,0,0,1,0,0,1,0,0,0
0,0,0,0,1,0,0,0,0,0,0,0,0,0,0,1,0,0
0,0,0,0,1,0,0,0,1,0,0,0,0,0,1,0,0,0
1,1,1,1,1,1,1,1,0,0,0,0,0,0,0,1,1,1
1,1,0,0,0,1,1,0,0,0,0,1,0,0,1,1,0,0
0,1,0,0,0,0,0,0,0,0,0,0,0,1,0,0,0,0
0,0,0,0,1,0,0,1,1,0,0,0,0,0,0,0,0,0
0,0,0,0,0,0,0,0,1,0,0,0,0,0,0,0,0,0
0,0,1,0,0,0,0,0,0,0,0,0,0,0,0,1,0,0
0,1,0,0,0,1,0,0,0,0,0,0,0,0,0,1,0,1
0,0,0,0,0,0,1,0,1,0,0,0,1,0,0,0,0,0
0,0,1,1,0,1,0,0,1,1,0,0,0,0,0,1,0,0
0,1,0,0,0,0,0,0,0,0,0,0,0,0,0,0,0,1
0,1,0,0,0,0,0,1,0,0,0,0,1,1,0,0,0,0
0,1,0,0,0,0,0,0,1,0,0,1,0,1,0,0,0,0
0,0,0,0,0,1,0,0,0,0,0,0,0,0,0,1,0,0
0,1,0,0,0,0,0,0,0,0,0,1,0,0,0,0,0,0
0,0,0,0,0,0,0,0,0,0,0,0,0,1,0,1,0,0
0,0,0,0,0,0,1,0,1,0,0,0,0,0,0,0,0,0
0,0,0,0,0,0,0,0,0,0,0,0,0,1,0,1,0,0
0,1,0,0,1,0,0,0,0,0,1,0,0,0,0,0,0,0
0,1,0,0,0,0,0,1,1,0,0,0,0,0,1,0,0,0
0,0,0,0,0,0,0,0,1,0,1,0,0,0,0,0,0,0
0,0,0,0,0,0,0,1,0,0,0,0,0,0,0,1,1,0
0,0,0,0,0,0,1,0,1,0,0,0,0,0,0,1,0,0
0,0,0,1,0,0,0,0,1,0,0,1,0,0,0,0,0,0
0,1,0,0,0,0,0,0,0,0,1,0,0,0,0,0,0,1
0,1,0,0,0,1,0,0,0,0,0,0,0,0,0,1,0,0
0,1,1,0,0,0,0,0,0,0,1,1,0,1,1,1,0,1
0,0,1,0,0,0,0,0,0,0,0,0,0,0,0,1,0,0
0,0,0,0,0,0,0,0,0,0,0,0,0,1,0,1,0,0
0,0,0,0,0,1,0,0,0,0,0,0,0,0,0,1,0,0
0,1,1,0,0,0,0,1,0,0,0,0,0,0,0,0,0,0
0,0,0,0,0,0,0,0,0,0,0,1,0,0,0,0,1,0
0,0,0,0,0,0,0,0,0,0,0,0,0,0,1,1,0,0
0,0,0,0,0,1,0,0,0,0,0,0,0,0,0,1,0,0
0,0,0,0,0,0,1,0,1,0,1,0,0,0,0,0,1,0
0,0,0,0,0,0,0,0,0,1,0,0,0,0,0,0,0,1
0,0,0,0,0,0,0,0,1,0,0,0,0,1,1,1,0,0
0,0,1,0,1,0,0,0,0,0,0,0,0,1,0,1,0,0
0,1,0,0,0,0,0,0,0,0,0,0,0,0,0,0,1,0
0,0,0,0,0,0,0,0,0,0,0,0,0,1,0,1,0,0
0,1,1,0,1,1,0,0,0,1,0,0,0,0,0,1,0,0
0,1,0,0,0,0,0,0,1,0,0,0,0,0,0,0,0,0
0,0,0,0,0,0,0,0,0,1,1,0,0,0,0,0,0,0
0,1,0,0,1,0,0,0,1,0,0,1,0,0,0,0,0,0
0,0,0,1,0,0,0,0,1,0,0,0,0,0,0,0,0,0
0,0,1,0,1,0,1,0,0,0,0,1,0,0,0,1,1,0
0,0,1,0,0,0,0,0,0,1,0,0,0,0,0,0,0,0
0,0,0,0,0,0,0,0,0,0,0,0,1,0,0,0,0,0
0,1,0,0,0,0,0,0,0,0,0,1,0,0,0,1,0,0
0,0,0,0,0,0,0,0,1,0,0,1,0,0,0,0,0,0
0,1,1,0,0,0,0,0,0,1,0,0,0,0,1,0,1,0
0,1,0,0,0,0,0,0,0,0,0,0,0,0,0,0,0,1
0,1,0,0,0,0,0,0,0,0,0,0,0,0,0,0,1,0
0,0,0,1,1,0,0,0,1,0,0,1,1,0,1,0,1,0
0,0,0,0,0,0,0,0,1,0,0,1,0,0,0,0,0,0
0,0,0,0,0,1,1,0,0,0,0,0,0,0,0,1,0,0
0,0,1,0,0,0,1,0,0,0,0,0,0,1,0,1,0,0
0,1,0,0,0,1,0,0,0,0,0,0,0,0,0,0,1,0
1,1,0,0,0,1,0,0,0,0,0,0,0,1,0,1,0,0
0,0,0,0,0,0,0,0,1,0,0,0,0,0,0,0,1,0
0,0,1,0,1,0,0,0,0,1,0,0,0,0,0,0,0,0
0,0,0,1,0,1,1,1,1,1,0,0,0,0,1,1,1,1
0,1,0,0,0,0,0,1,0,0,0,0,0,0,0,0,0,1
0,1,0,0,0,0,0,0,0,0,0,0,0,0,1,0,0,0
0,1,0,0,0,0,0,0,1,0,0,0,1,1,0,0,0,0
0,0,0,0,0,0,0,0,0,1,0,1,0,0,0,0,0,0
0,0,1,0,0,0,0,0,0,0,0,0,0,0,0,1,0,0
0,1,0,0,0,0,0,0,1,0,0,0,1,0,0,0,0,1
0,0,0,0,0,0,0,0,1,0,0,0,0,0,0,0,0,0
0,0,0,0,0,0,0,0,0,0,0,0,0,0,0,1,1,1
0,0,0,0,0,0,0,0,0,0,1,0,0,1,0,1,0,0
1,1,0,1,0,0,0,0,1,0,0,0,0,1,0,0,0,0
0,1,1,0,0,0,0,0,0,0,0,0,0,0,0,0,0,0
0,0,0,0,0,0,0,0,0,0,0,1,0,0,1,0,0,0
0,0,0,0,0,0,0,1,0,0,0,0,0,1,1,1,0,0
0,0,1,0,0,0,0,0,0,1,0,0,0,0,0,1,0,0
0,1,0,0,0,0,0,0,1,1,1,0,0,1,0,0,1,0
0,1,0,0,0,1,0,0,0,0,0,0,1,0,0,0,0,0
0,1,1,0,0,0,0,0,0,0,0,0,0,0,0,0,0,0
0,0,0,0,0,0,1,0,1,0,0,0,0,0,0,0,0,0
0,0,0,0,0,0,0,0,0,0,0,0,1,0,0,0,0,0
1,0,0,0,0,0,0,1,0,0,0,0,1,0,0,1,0,0
0,0,0,1,0,0,0,0,0,0,0,0,0,0,0,1,0,0
0,0,0,0,0,1,0,0,0,1,0,0,0,0,0,0,0,0
1,0,0,0,0,0,0,0,0,1,0,0,0,0,0,0,0,0
0,0,0,0,0,0,1,0,0,1,0,0,0,0,0,0,0,0
0,0,0,0,0,0,0,0,0,1,0,0,0,0,0,0,1,1
0,0,0,0,1,0,0,0,1,0,0,0,0,0,0,0,0,0
0,0,0,1,0,0,0,0,0,0,0,0,0,0,0,0,0,0
0,0,0,0,0,0,0,0,0,0,0,0,0,1,0,1,0,0
1,1,1,1,0,0,1,1,1,1,0,0,0,1,0,0,0,0
0,0,0,0,0,0,0,0,0,0,0,0,0,1,0,1,0,0
0,0,0,0,0,0,0,0,1,1,0,0,0,0,0,0,1,0
0,1,0,0,0,0,0,0,0,0,0,1,0,0,0,0,0,0
0,1,0,0,0,0,0,0,0,0,0,0,0,0,0,0,0,1
0,1,0,0,0,1,0,0,0,0,0,0,0,0,0,0,0,0
0,0,0,0,0,0,0,0,0,0,0,0,0,1,0,1,0,0
0,0,0,0,0,0,1,0,1,0,0,0,0,0,0,0,0,0
0,1,0,0,0,0,0,0,0,1,0,0,0,0,0,0,0,1
0,0,0,0,0,0,0,0,0,0,1,1,0,0,0,0,0,0
0,1,0,0,0,0,0,0,0,0,0,0,0,0,0,0,0,1
0,1,1,1,1,0,1,0,1,0,0,0,1,0,0,0,1,0
0,1,0,0,0,1,0,0,0,0,0,0,0,0,0,0,0,0
0,1,0,0,0,1,0,0,0,0,0,0,0,0,0,0,0,0
0,0,0,0,0,0,0,0,0,0,0,1,1,0,0,1,1,1
0,0,0,0,1,0,1,0,0,0,0,0,0,0,0,0,0,0
0,1,1,0,0,0,0,0,0,0,0,0,0,0,0,0,0,0
0,0,0,0,0,0,0,0,0,1,0,0,0,0,0,0,0,1
0,1,0,0,0,1,1,0,0,0,0,0,0,0,0,1,1,0
0,1,0,0,1,0,0,0,0,0,0,0,0,0,0,0,0,0
0,0,1,0,0,0,0,1,1,1,0,1,0,0,0,1,0,1
0,1,0,0,0,0,0,0,0,0,0,0,0,0,0,0,1,0
1,0,1,0,0,0,0,1,1,0,1,0,1,0,1,1,1,1
0,0,0,0,0,0,0,0,0,1,0,0,0,0,0,0,0,1
0,0,0,1,0,1,0,0,1,0,0,0,0,0,0,1,1,0
0,0,1,0,0,0,0,0,0,1,0,0,0,1,1,1,0,0
0,1,0,0,0,1,0,0,0,0,0,0,0,0,0,0,0,0
0,1,0,0,0,0,0,0,0,0,0,0,0,0,0,0,0,1
0,0,0,0,0,1,0,0,0,1,0,1,0,0,0,1,0,0
0,0,0,0,0,0,0,1,0,0,1,0,0,0,0,0,0,0
0,1,0,0,0,1,0,0,1,0,0,0,0,0,1,0,0,0
0,0,0,0,0,0,1,0,0,0,0,0,0,0,0,0,1,0
0,1,0,1,0,0,0,0,0,0,0,0,0,1,1,0,0,0
1,1,0,0,1,1,0,0,1,1,0,0,0,1,0,1,0,1
0,0,0,0,0,0,0,0,1,0,0,1,0,0,0,0,0,0
0,0,0,0,1,0,0,1,0,1,0,0,0,0,0,0,1,1
1,1,0,0,0,0,0,0,0,0,0,0,0,0,0,0,0,0
1,0,0,1,0,1,0,0,0,0,0,0,0,0,0,1,0,0
0,0,0,0,0,0,0,0,0,0,0,1,0,0,0,0,0,0
1,0,0,0,0,0,0,0,1,0,0,0,1,0,0,0,0,0
0,1,0,0,0,1,0,0,0,1,0,0,1,0,0,0,0,0
0,1,1,0,0,0,1,0,0,0,0,0,0,0,0,0,0,0
0,0,0,0,0,0,0,0,0,0,0,0,1,0,0,0,0,0
0,1,0,0,1,0,1,1,1,0,0,0,0,0,0,0,0,0
0,0,0,0,0,0,0,0,0,1,0,0,0,1,0,0,0,0
0,0,0,0,0,0,0,0,0,0,0,0,0,1,0,1,0,0
0,1,1,0,0,1,1,1,1,1,0,0,1,0,1,0,1,1
0,0,0,0,0,0,1,0,1,1,1,1,0,0,0,0,0,0
0,1,0,0,1,1,0,0,0,0,0,0,1,0,0,0,0,0
0,0,0,0,0,0,0,0,0,1,0,0,0,0,0,0,0,1
1,0,0,0,0,0,0,0,1,1,0,0,0,1,0,1,0,0
0,0,0,0,0,1,0,0,1,1,0,0,0,0,0,0,0,0
1,0,0,1,0,0,0,0,1,0,0,0,0,0,0,0,0,0
0,0,0,1,0,0,0,0,1,0,0,0,0,0,0,0,0,0
0,0,0,0,0,0,0,0,0,0,0,1,0,0,0,1,0,0
0,0,0,0,0,0,0,0,0,1,0,1,0,0,1,0,0,0
0,0,0,0,0,0,1,0,1,0,1,0,0,0,0,0,0,0
0,1,0,1,0,1,0,0,1,1,1,1,0,0,0,0,0,1
0,0,0,0,0,0,0,0,0,1,0,0,0,0,0,0,1,0
0,0,1,0,0,0,0,0,1,0,0,0,0,0,0,0,0,1
0,1,0,0,0,0,0,0,0,0,1,0,0,0,0,0,0,0
0,1,1,0,0,0,0,0,0,0,0,0,0,0,0,0,0,0
0,0,1,0,0,0,0,0,0,1,0,0,0,0,0,0,0,0
0,0,0,0,0,0,0,0,0,1,0,0,0,1,0,1,0,0
0,0,0,0,0,1,0,0,0,0,0,0,0,0,0,1,0,0
0,0,0,0,1,0,0,1,1,0,0,0,0,0,0,0,0,0
0,0,0,0,0,1,0,0,0,1,0,0,0,0,0,0,0,0
0,0,0,0,1,0,0,0,1,0,0,0,0,0,0,0,0,0
0,0,0,0,0,0,0,0,1,0,0,0,1,0,0,0,0,0
1,0,0,0,0,0,1,0,1,0,0,0,0,0,0,0,0,0
0,1,0,0,0,0,0,1,1,0,0,0,0,0,0,0,0,1
0,1,0,0,0,0,0,1,1,0,0,0,1,1,1,0,0,0
0,0,0,1,0,0,0,0,0,0,0,0,0,0,0,0,0,0
0,0,0,0,1,1,0,0,0,1,0,0,0,0,0,0,0,0
0,0,0,0,0,0,0,1,0,0,0,0,0,0,0,1,0,0
0,0,0,0,0,0,0,0,0,0,0,0,0,0,0,1,0,1
0,1,0,0,0,0,0,0,0,0,0,1,0,0,0,0,0,0
0,1,0,0,1,1,0,0,0,0,0,0,0,0,0,0,1,0
0,0,0,0,0,0,0,0,0,0,0,0,0,0,0,1,0,1
0,1,0,0,0,0,0,0,0,0,0,0,0,0,0,0,0,1
0,1,0,0,0,0,0,0,0,0,0,1,0,0,0,0,0,0
0,0,0,0,0,0,0,0,0,0,1,0,0,0,0,1,0,0
0,0,0,0,0,0,0,0,0,0,0,0,0,1,0,1,0,0
0,1,0,1,0,1,0,0,0,0,0,0,0,0,0,1,0,0
0,0,0,0,0,0,1,0,1,0,0,0,0,0,0,0,0,0
1,1,1,0,0,1,0,0,0,0,0,0,0,0,0,1,0,1
0,0,1,0,0,0,0,0,0,0,0,0,0,0,0,1,0,0
0,1,0,0,0,0,0,0,1,1,0,1,0,0,0,0,0,1
0,0,0,0,1,0,0,0,1,0,0,0,0,0,0,0,0,0
0,0,0,0,0,0,1,1,0,0,0,1,0,0,0,0,0,0
0,0,0,0,0,0,0,0,0,0,0,1,0,0,1,0,0,0
0,0,0,0,0,0,0,0,0,0,0,1,0,0,0,1,0,0
0,1,0,0,0,0,0,0,0,0,0,0,0,1,0,0,0,0
0,0,0,0,0,0,1,0,0,0,0,0,0,0,0,1,0,0
0,0,0,0,1,0,1,0,0,1,0,0,0,0,0,0,0,1
0,0,0,0,0,0,0,0,0,1,0,1,0,0,1,0,0,0
0,0,0,0,1,0,0,0,0,0,0,1,0,0,0,0,0,0
0,1,0,0,0,0,0,0,0,0,0,0,0,0,0,0,0,1
0,1,0,0,0,0,0,0,0,0,0,0,1,1,0,1,0,0
0,0,0,0,1,0,0,0,0,0,0,0,0,0,0,1,0,1
1,1,0,0,0,1,0,0,1,1,0,0,0,0,0,0,0,0
1,0,0,0,0,0,0,0,1,0,0,0,0,0,0,0,0,0
0,1,0,0,1,0,0,0,0,0,1,0,0,0,0,0,0,0
0,0,1,0,0,0,0,0,0,0,0,0,0,0,0,1,0,0
0,1,0,0,0,0,1,0,0,0,0,0,0,0,0,0,1,0
0,0,0,0,1,0,0,0,0,1,0,0,0,0,0,0,0,0
0,0,0,0,0,0,1,0,0,0,0,0,0,0,0,0,0,0
0,0,0,0,1,0,0,0,1,0,0,0,0,0,0,0,0,0
0,0,0,0,0,1,0,0,0,1,0,0,0,0,0,0,0,0
1,0,0,0,0,0,0,1,1,0,0,0,0,1,1,1,0,0
0,0,0,0,0,0,1,0,0,0,0,0,0,0,0,0,0,0
0,0,1,0,0,0,0,0,0,0,0,0,0,0,0,1,0,0
0,0,1,0,0,0,0,0,0,0,0,0,1,0,0,1,0,0
0,0,0,0,0,0,0,0,0,0,0,0,0,1,0,1,0,0
1,0,0,0,0,0,1,0,0,0,0,0,0,0,0,0,0,0
0,1,0,0,0,0,0,0,0,0,0,1,0,0,0,0,0,1
0,1,0,0,0,0,1,0,0,0,0,0,0,0,0,0,0,1
0,0,0,0,0,0,0,0,0,0,0,0,0,1,0,1,0,0
0,1,0,0,0,1,0,0,0,0,0,0,0,0,0,0,0,0
0,1,0,0,0,1,0,0,0,0,0,0,0,1,0,1,0,0
0,1,0,0,1,1,0,1,0,1,0,0,0,1,1,1,0,1
0,0,0,0,0,0,0,0,0,0,0,0,0,1,0,1,0,0
0,1,0,0,0,0,0,0,0,0,0,0,0,0,0,0,0,1
0,0,0,1,0,0,0,0,0,0,0,1,0,0,0,0,0,0
0,0,0,0,0,0,0,0,1,0,0,0,0,0,0,0,0,0
1,0,0,1,0,0,0,0,0,0,0,0,0,0,0,0,0,0
0,0,0,0,0,1,0,0,1,0,0,0,0,0,0,1,0,0
0,0,0,0,0,0,1,0,0,1,0,0,0,1,0,0,0,0
0,1,0,0,0,1,0,0,0,0,0,0,0,0,1,0,1,0
0,0,0,0,0,0,0,0,0,0,1,0,0,0,0,1,0,1
0,1,0,0,0,0,0,1,0,0,0,0,0,0,0,0,0,1
0,0,0,0,0,1,0,0,0,0,0,0,0,0,0,1,0,0
1,1,1,1,0,0,1,1,1,0,1,1,1,1,1,1,0,0
0,0,0,1,0,0,0,0,0,1,0,0,0,0,0,0,0,0
0,1,0,0,0,0,0,0,0,0,0,0,0,0,0,0,0,1
0,0,0,0,0,0,0,0,0,0,0,0,0,0,0,1,0,1
1,0,0,0,0,0,0,0,0,0,0,0,1,0,0,1,0,1
0,0,0,0,0,1,1,0,0,1,0,0,0,0,1,0,0,0
0,0,1,0,0,0,0,0,0,0,0,0,0,0,0,1,0,0
0,0,0,0,0,0,0,0,0,0,1,0,0,0,0,1,0,0
0,0,0,0,0,0,0,0,1,0,0,0,0,0,1,0,0,0
0,1,0,0,0,1,0,0,0,0,0,0,0,0,0,0,0,0
0,0,0,0,0,0,0,0,1,0,0,1,1,0,0,0,0,0
0,0,0,0,1,0,0,0,1,0,0,0,0,0,1,0,0,0
0,0,0,0,1,0,0,0,0,0,1,0,1,0,0,0,0,0
0,0,0,0,1,0,0,0,1,1,0,0,0,0,0,0,0,0
0,1,0,0,0,0,0,0,0,0,0,0,0,0,0,0,0,1
0,0,0,0,0,0,0,1,1,0,0,0,0,0,0,0,0,0
0,1,0,0,0,0,0,1,0,0,0,0,0,1,0,0,0,0
0,1,0,1,0,0,0,1,0,0,0,0,0,0,0,0,1,1
0,0,0,0,0,0,0,1,0,0,0,0,0,0,0,0,0,0
0,0,0,0,0,0,0,0,1,0,0,0,0,0,0,0,1,0
0,0,0,1,0,1,0,0,0,1,0,0,0,0,0,0,0,0
1,0,0,0,0,0,0,0,0,0,0,0,0,0,0,0,1,0
0,0,0,0,0,1,0,0,0,0,0,1,0,0,1,1,0,0
0,1,0,1,0,0,0,0,0,1,0,0,0,1,0,0,0,0
0,1,1,0,0,0,0,0,0,0,0,0,0,1,0,1,0,0
1,0,0,0,0,1,0,0,0,1,0,0,0,1,0,1,0,0
0,0,0,0,0,0,1,1,0,1,0,0,1,0,0,0,1,0
0,0,0,0,0,0,0,0,0,0,0,0,0,1,0,1,0,0
1,0,0,0,0,1,1,0,1,0,1,1,0,0,1,1,1,0
0,0,1,0,0,0,0,0,0,0,0,0,0,0,0,1,0,0
0,0,0,0,0,1,0,0,0,1,0,0,0,0,0,0,0,0
0,0,0,0,0,0,1,0,1,0,0,0,0,0,0,0,0,0
0,0,0,1,0,0,0,1,0,1,0,0,1,0,0,1,0,1
0,0,1,0,0,0,0,0,0,0,0,1,0,0,0,1,0,0
0,0,0,1,0,0,0,0,0,0,0,0,0,1,0,1,0,0
0,0,1,0,0,0,0,0,0,1,0,0,0,0,0,0,0,0
1,0,0,0,0,0,0,0,1,0,0,0,0,0,0,0,0,0
0,1,0,0,0,1,0,0,0,0,0,0,0,0,0,0,0,0
0,1,1,0,1,0,1,0,0,0,0,0,0,0,1,0,0,0
0,1,0,0,0,0,0,0,0,0,1,0,1,1,0,0,0,0
0,1,0,0,0,0,0,0,0,0,0,0,0,1,0,0,0,0
0,1,0,0,0,0,0,0,0,0,0,0,0,1,0,0,0,0
1,1,1,0,0,0,0,0,0,0,0,0,0,0,0,0,0,0
0,0,1,0,0,0,0,0,0,1,0,0,0,0,1,0,0,0
0,1,1,0,0,0,0,0,1,0,0,0,0,0,0,0,0,0
0,0,0,0,0,0,0,0,0,0,0,0,0,1,0,1,0,0
0,1,1,0,0,0,0,0,0,0,0,0,0,0,0,0,0,0
0,1,1,0,0,0,0,0,1,0,0,0,0,0,1,0,0,0
0,0,0,0,0,0,0,0,0,0,0,0,0,0,0,1,0,1
0,0,1,0,0,0,0,0,0,1,0,0,0,0,0,0,0,0
0,0,0,0,0,0,0,0,0,0,0,0,0,1,0,1,0,0
0,0,0,0,0,0,0,0,1,0,0,0,0,0,0,0,0,0
0,0,0,0,0,0,0,1,1,0,0,0,0,0,0,0,0,0
0,1,1,0,0,0,0,0,0,0,0,1,0,0,0,0,1,0
0,1,0,0,0,0,0,1,1,0,1,0,0,0,0,1,0,1
0,0,0,0,0,0,0,1,1,0,0,0,0,0,0,0,0,0
0,0,0,0,0,0,1,0,1,0,0,0,0,1,0,1,1,0
0,1,0,0,1,1,0,0,0,0,0,0,0,0,1,0,0,0
0,1,0,0,0,0,0,1,0,0,0,0,0,0,0,0,0,0
0,0,0,0,0,0,0,0,0,0,0,0,1,1,0,1,0,0
0,0,0,1,0,0,0,0,0,1,0,0,1,0,0,0,0,1
0,0,0,0,0,0,1,0,0,1,0,0,0,0,0,0,0,0
0,1,0,0,0,1,0,0,0,0,0,0,1,0,0,0,0,0
0,0,0,0,0,0,0,0,0,0,0,0,0,0,1,0,0,0
0,1,0,1,0,1,0,0,0,0,1,0,0,0,0,1,0,0
1,1,0,0,0,0,1,0,0,0,0,0,0,0,0,0,0,1
0,1,0,1,0,0,0,0,1,1,1,0,0,1,0,1,0,1
0,1,1,0,0,0,0,0,0,0,0,0,0,0,0,0,0,0
0,0,0,1,0,0,0,0,1,0,0,0,0,0,0,0,0,0
0,0,1,0,0,0,0,0,0,0,0,0,0,0,0,1,0,0
0,0,0,0,0,1,0,0,0,0,0,1,1,0,0,1,0,0
0,0,0,0,0,1,1,0,0,0,0,0,0,0,0,1,1,0
0,1,0,0,0,1,0,0,0,0,0,0,0,0,0,1,1,0
0,1,0,0,0,0,1,0,0,0,1,0,0,1,1,0,0,0
0,0,0,0,0,1,0,0,0,0,1,0,0,0,0,1,0,0
0,0,0,0,1,0,0,0,0,1,0,1,0,1,0,0,0,0
1,0,1,0,0,0,1,0,1,0,1,0,1,0,0,1,0,0
0,1,0,0,0,0,0,0,0,0,0,0,0,0,1,0,0,0
0,0,0,0,0,0,0,0,0,1,0,0,0,1,0,0,0,0
0,1,1,0,0,0,0,0,0,0,0,0,0,0,0,0,0,0
0,0,0,0,0,0,0,0,0,0,0,0,0,1,0,1,0,0
1,0,0,0,0,0,0,0,1,0,0,0,0,0,0,0,1,0
1,1,1,0,0,0,0,0,0,0,0,0,0,0,0,1,0,1
0,1,0,0,0,0,0,0,0,0,0,0,0,0,1,0,0,0
0,0,0,0,0,0,0,1,0,0,0,0,0,1,0,1,0,0
0,1,1,0,0,0,0,0,0,0,0,0,0,0,0,0,0,0
0,1,0,0,0,1,0,1,0,0,1,0,0,1,0,1,0,0
0,0,0,0,0,0,0,0,0,0,1,0,0,0,0,0,0,0
0,1,1,1,1,1,1,1,1,1,0,0,0,1,0,1,0,0
0,1,0,0,0,0,0,0,0,0,0,0,0,1,0,0,0,0
0,0,0,0,0,0,0,1,0,1,0,0,0,0,0,0,0,0
0,1,1,0,0,0,0,0,0,0,0,0,0,0,0,0,0,0
0,0,0,0,1,0,0,0,1,0,0,0,0,0,0,0,0,0
0,0,0,0,0,0,1,0,1,0,0,0,0,0,0,0,0,0
0,1,0,0,0,0,0,0,0,1,0,0,0,0,0,0,0,0
0,1,0,0,0,0,0,0,0,0,0,0,0,0,0,0,0,1
0,0,0,0,0,0,1,0,1,0,0,0,0,0,0,0,0,0
0,0,1,0,0,0,0,0,0,0,0,0,0,0,0,1,0,0
0,0,0,0,1,0,1,0,0,0,0,0,0,0,0,0,0,0
0,0,0,0,0,0,0,0,0,0,0,0,0,0,0,1,0,1
1,0,0,0,0,0,0,0,1,0,0,0,0,0,0,0,0,0
0,1,0,0,0,0,0,0,0,0,0,0,0,0,0,0,0,1
0,0,1,0,0,0,0,0,0,0,0,0,0,0,0,1,0,0
0,1,1,0,1,0,0,1,1,1,0,0,1,0,0,1,0,1
0,1,0,0,1,0,0,0,0,0,0,0,0,0,0,0,0,0
0,1,1,0,0,0,0,0,0,0,0,0,0,0,0,0,0,0
0,1,0,0,0,0,0,0,0,0,0,0,0,0,0,0,1,0
0,0,0,0,0,0,0,0,0,0,0,1,0,1,0,1,0,0
0,0,0,0,0,0,0,0,1,0,0,0,0,0,0,0,0,0
0,0,0,0,0,0,0,0,0,0,0,0,0,0,0,1,0,1
0,1,0,0,0,1,0,0,1,0,0,0,0,0,0,0,0,0
1,1,1,1,0,0,0,0,0,0,1,0,0,0,0,0,0,0
0,0,0,0,0,0,0,1,1,0,0,0,0,0,1,0,0,0
0,1,0,0,0,0,0,0,0,0,0,0,0,1,0,0,0,0
0,1,0,0,0,0,0,0,0,0,0,1,0,0,0,0,0,1
0,0,0,0,1,0,0,0,0,0,1,1,0,0,0,1,0,0
1,0,0,0,0,0,0,0,0,0,0,0,0,0,0,1,0,1
0,0,1,0,0,0,0,0,0,1,0,0,0,0,0,0,0,0
0,0,0,0,0,0,0,0,1,0,0,0,1,0,0,0,0,0
0,0,0,0,0,0,0,0,1,1,0,0,1,0,0,0,0,0
0,0,0,0,0,0,0,0,1,0,0,0,0,0,0,0,0,0
0,1,0,0,0,0,0,0,0,0,0,0,0,0,0,0,0,1
0,1,0,0,0,0,1,0,0,0,0,1,0,0,1,0,0,1
1,1,0,0,0,0,0,0,0,0,0,0,0,0,0,1,0,1
0,0,0,1,1,0,0,1,1,0,0,0,0,0,0,0,0,0
0,0,0,0,0,0,0,0,0,0,0,0,1,0,0,1,0,0
0,0,0,0,0,0,0,0,0,0,1,0,0,0,0,1,0,0
0,0,1,0,0,0,0,0,0,0,0,0,0,0,0,1,0,0
0,0,0,0,0,1,0,0,0,0,0,0,0,0,0,1,0,0
0,0,0,0,0,0,0,0,0,0,1,0,0,0,0,1,0,0
0,1,0,0,0,1,0,0,0,0,0,0,0,0,0,0,0,0
0,1,1,0,0,0,0,0,0,0,0,0,0,0,0,0,0,0
0,1,0,0,1,0,0,0,0,0,0,0,0,0,0,0,0,0
0,0,0,0,0,0,1,0,0,1,0,0,0,0,0,0,0,0
0,0,0,0,0,1,0,0,1,1,0,0,0,0,0,0,0,0
0,1,1,0,0,0,0,0,0,0,0,0,0,1,0,1,0,0
0,0,0,0,0,0,0,0,0,0,0,0,1,1,0,1,0,1
0,0,0,0,1,0,0,0,0,0,0,0,0,0,0,0,1,0
0,0,0,0,0,0,0,1,1,1,0,1,1,0,0,0,0,1
0,0,0,0,0,0,0,0,0,0,0,1,0,0,0,1,0,0
0,1,0,0,0,0,0,0,0,0,0,0,0,1,0,0,0,0
0,1,1,0,0,0,0,0,0,0,0,0,0,0,0,0,0,0
0,1,0,0,0,0,0,0,0,0,0,0,0,0,0,0,0,1
0,0,1,0,0,0,1,0,0,0,0,0,0,0,0,1,0,0
0,0,0,0,0,0,0,0,0,1,0,0,0,1,0,0,0,0
0,0,0,0,0,0,0,0,0,1,0,1,0,1,0,0,1,0
0,1,0,0,0,0,0,0,0,0,0,0,1,0,0,0,0,0
0,1,0,0,0,0,0,0,0,0,0,0,1,0,0,0,0,1
1,1,0,0,1,1,0,0,0,0,0,1,1,0,0,0,0,0
0,0,0,0,0,0,0,1,1,0,0,1,0,0,1,1,0,1
0,0,0,0,0,0,0,0,0,0,0,0,1,0,0,0,0,0
0,1,0,0,0,1,0,0,0,0,0,0,0,0,0,0,0,0
1,1,0,0,0,0,0,0,0,0,0,0,0,0,0,0,0,0
0,0,1,1,0,0,0,1,0,1,1,0,1,0,1,1,0,1
0,1,0,0,0,1,0,0,0,0,0,0,0,0,0,0,0,0
0,0,0,1,0,0,0,0,0,0,0,0,0,0,0,1,0,0
0,0,0,0,1,0,0,1,0,0,0,0,0,0,0,0,0,0
0,0,0,0,0,0,0,0,1,0,0,1,0,0,0,0,0,0
0,1,0,0,0,0,0,0,0,0,0,1,0,0,0,0,0,0
1,0,0,0,0,0,0,0,0,0,0,0,0,0,0,0,0,0
0,0,0,0,0,0,0,0,0,0,0,1,0,1,0,0,0,0
0,1,1,0,0,1,0,0,1,1,1,1,0,0,1,1,0,0
0,1,0,0,0,0,0,0,0,0,0,0,0,0,0,0,0,1
1,0,0,0,0,0,0,0,0,0,0,1,0,0,0,0,0,0
0,1,0,0,0,0,0,0,0,0,0,0,0,1,0,0,1,0
0,0,0,1,0,0,0,0,0,1,0,0,0,1,0,0,0,0
0,0,0,0,0,0,0,0,0,1,0,0,0,0,0,0,0,0
0,0,0,0,1,0,0,0,0,0,0,0,0,0,0,1,0,0
0,0,0,0,1,0,1,0,0,0,1,0,0,0,0,0,0,0
0,0,1,0,1,0,0,0,0,1,0,0,0,0,0,0,0,0
0,1,0,0,0,0,0,0,0,0,0,0,0,0,0,0,0,1
0,0,0,0,1,1,0,0,1,0,1,0,0,1,1,1,0,0
0,0,0,0,0,0,0,0,0,0,0,0,1,0,0,1,0,1
0,1,0,0,1,1,0,0,0,0,0,0,0,0,0,0,0,0
0,0,0,1,0,0,0,0,1,0,0,0,0,0,0,0,0,0
0,1,0,0,0,0,0,0,0,0,1,0,0,1,0,0,0,0
0,0,0,0,0,0,0,0,1,0,0,0,0,0,0,1,0,0
0,0,0,0,0,0,0,1,1,0,0,0,0,0,0,0,0,0
0,0,1,0,0,0,0,0,0,0,0,0,0,0,1,1,0,0
0,1,0,0,0,0,0,1,0,0,0,0,0,0,0,0,0,0
0,0,0,0,0,0,0,1,0,0,0,0,0,0,0,0,1,0
0,0,0,0,0,1,0,0,0,1,0,0,0,0,0,0,0,0
0,1,0,0,0,1,1,0,0,1,0,0,1,0,0,1,1,0
0,0,0,0,0,0,0,0,0,0,0,0,0,0,0,1,0,1
0,1,0,0,0,0,0,0,0,0,0,0,0,1,0,0,0,0
0,0,0,1,0,0,0,1,0,0,0,0,0,0,0,0,0,0
0,0,1,0,0,0,0,0,0,1,0,0,0,0,0,0,0,0
1,0,0,0,0,0,0,0,0,0,0,0,0,1,0,1,0,0
0,1,0,0,0,0,0,0,1,0,0,1,0,0,0,0,0,0
0,1,0,0,0,1,0,0,0,0,0,0,0,0,0,0,0,0
0,0,0,0,0,0,0,1,1,0,0,1,0,0,0,0,0,0
0,1,0,0,0,0,0,0,0,0,0,0,0,1,0,0,0,0
0,1,1,0,0,0,0,0,0,0,0,0,0,0,0,0,0,1
0,1,0,0,1,0,0,0,0,1,0,0,0,0,0,0,0,0
0,0,0,0,1,0,0,0,1,0,0,0,0,0,0,0,0,0
0,1,0,0,0,1,0,0,0,0,0,0,0,0,0,0,0,0
0,0,0,0,0,0,0,0,0,0,0,0,0,0,0,1,0,1
0,0,0,0,0,0,0,1,0,0,0,0,0,0,0,0,0,0
0,0,0,0,0,0,0,0,0,0,1,0,0,0,0,1,0,1
0,0,0,0,0,0,0,0,0,0,0,0,0,1,1,1,0,0
0,0,0,1,0,0,0,0,0,0,0,0,0,0,0,0,0,0
0,1,0,0,0,1,0,0,0,0,0,0,0,0,0,0,0,0
0,0,0,0,0,0,0,0,1,0,0,0,0,0,0,0,0,0
0,1,0,0,0,0,0,0,0,0,0,0,0,1,0,1,0,0
0,1,0,0,1,0,0,0,0,1,0,0,0,0,1,0,0,1
0,1,0,0,0,0,0,0,0,0,0,0,0,0,0,0,0,1
0,0,0,0,0,0,0,0,1,0,0,0,0,0,0,0,0,0
0,0,1,0,0,0,0,0,0,1,0,0,0,0,0,0,0,0
0,1,1,1,0,0,0,0,0,0,0,0,0,0,0,0,0,0
0,1,1,0,0,0,0,0,0,0,0,0,0,0,0,0,0,0
0,1,1,1,0,0,0,0,1,0,1,1,0,1,1,1,0,1
0,0,0,0,0,1,0,0,0,0,0,0,0,0,0,1,0,0
0,0,0,0,0,0,0,0,0,0,0,1,0,0,0,1,0,1
0,0,0,0,1,0,0,0,1,0,0,0,0,0,0,0,0,0
0,0,1,0,0,0,0,0,0,0,0,0,0,0,0,1,0,0
0,1,0,0,0,1,0,1,0,0,0,0,0,0,0,1,0,0
1,0,0,0,0,0,0,0,1,0,0,0,0,0,0,0,0,0
0,0,0,0,0,0,0,0,1,0,1,1,0,0,0,0,0,0
0,0,0,0,0,0,0,0,1,0,0,0,1,0,0,0,0,0
0,0,0,0,0,0,0,0,1,0,0,1,0,0,0,0,0,0
0,1,1,0,0,0,0,0,0,0,0,0,0,0,0,0,0,0
0,0,0,1,0,0,0,0,1,0,0,0,0,0,0,0,0,0
0,0,0,0,0,0,0,0,1,0,0,1,0,0,0,0,0,0
0,1,0,0,0,1,0,0,0,0,0,0,0,1,0,0,0,0
0,1,0,1,0,0,0,0,1,1,1,1,0,0,0,0,0,1
0,1,0,0,0,0,0,0,0,0,0,0,0,0,0,0,1,1
0,0,1,0,0,0,0,0,0,0,0,0,0,0,0,1,0,0
0,0,0,0,0,0,0,0,0,0,1,0,0,0,0,1,0,0
0,1,0,0,0,1,0,1,0,0,0,0,0,0,0,0,0,0
0,1,1,1,0,0,0,0,0,0,0,0,0,0,0,1,0,0
1,1,0,1,0,1,0,0,1,1,0,0,1,1,0,0,0,1
1,1,0,0,0,1,0,0,0,0,0,0,0,0,0,0,0,0
0,1,0,0,0,0,0,0,0,0,1,0,1,0,0,0,0,0
0,1,0,0,0,0,0,0,0,0,1,0,0,1,0,1,0,1
0,0,0,0,0,0,0,0,0,1,0,1,0,1,0,1,0,1
0,0,0,0,0,0,0,0,0,0,0,0,0,0,0,1,0,1
0,0,0,0,1,0,0,0,0,0,0,0,0,0,1,0,0,0
0,1,0,0,0,0,0,0,1,0,0,0,0,1,0,0,0,0
0,0,0,0,0,0,0,0,1,0,0,0,0,0,1,0,0,0
0,1,0,0,0,1,0,0,0,0,0,0,0,0,0,1,0,0
0,0,0,0,0,0,0,0,1,0,0,0,0,0,1,0,0,0
0,0,0,0,0,0,0,0,0,0,0,0,0,1,0,1,0,0
0,0,0,0,0,0,0,0,0,1,0,0,0,0,1,0,0,0
0,0,0,0,0,0,0,0,0,0,0,0,0,0,1,1,0,0
0,0,0,0,0,1,0,1,0,0,0,0,0,0,0,1,0,0
0,0,0,0,0,0,0,0,0,1,0,0,0,1,0,0,0,0
0,1,1,0,1,1,0,1,1,1,0,0,0,1,0,1,1,0
0,0,0,0,0,0,0,0,0,0,0,1,0,0,0,0,0,0
0,0,0,0,0,0,0,0,0,0,0,0,0,0,0,1,0,1
0,0,0,0,0,0,0,0,0,0,0,1,0,1,0,1,0,0
0,0,0,0,1,0,0,0,0,0,0,0,0,0,0,0,0,0
0,0,1,0,0,0,0,0,0,1,0,0,0,0,0,0,0,0
1,1,0,1,0,0,0,0,1,0,0,0,0,1,0,0,0,0
0,0,0,0,0,0,0,0,1,0,0,0,0,0,1,1,0,1
0,0,1,0,0,0,0,0,0,0,0,0,0,0,0,1,0,0
0,0,1,0,0,0,0,0,0,0,0,1,0,0,0,1,0,0
0,1,0,0,0,1,0,0,0,0,0,0,0,0,1,0,1,0
0,1,0,0,1,1,0,0,0,0,0,0,0,0,0,0,0,0
0,1,1,0,1,0,1,0,0,0,0,0,1,0,1,0,0,1
1,1,0,0,0,0,0,0,0,0,0,0,0,0,0,0,0,1
0,0,0,0,0,0,1,0,1,0,0,0,0,0,0,0,0,0
0,0,1,0,1,1,0,0,0,1,0,0,0,1,0,1,1,0
0,0,0,0,0,0,0,0,0,1,0,0,0,0,0,0,0,1
0,0,0,0,1,0,0,0,1,0,0,0,0,1,0,1,0,0
0,1,0,0,0,1,0,0,0,0,0,0,0,0,0,1,0,0
0,0,0,0,0,0,0,0,1,0,0,0,0,0,0,1,0,0
0,0,1,1,0,0,0,0,0,0,0,0,0,0,0,1,0,0
0,1,0,0,0,1,0,0,0,0,0,0,0,0,0,0,0,0
0,0,1,0,0,0,0,0,0,0,0,0,0,0,0,1,1,0
0,0,0,0,0,1,0,0,0,0,0,0,0,0,0,1,0,0
0,1,1,0,0,0,0,0,0,0,1,0,0,0,0,1,0,1
0,1,1,0,1,1,0,1,1,0,0,1,0,0,0,1,0,1
